"ID","Exited"
1836,"Yes"
1935,"No"
716,"No"
1564,"No"
2631,"Yes"
1308,"No"
1781,"Yes"
322,"Yes"
1413,"No"
719,"Yes"
1894,"Yes"
2593,"No"
2093,"No"
2146,"No"
1354,"No"
1644,"No"
1392,"Yes"
1460,"Yes"
1513,"No"
390,"Yes"
2461,"No"
135,"No"
1831,"Yes"
883,"No"
786,"No"
1217,"No"
1466,"Yes"
409,"Yes"
2396,"No"
835,"Yes"
1627,"No"
476,"No"
591,"No"
964,"No"
988,"No"
892,"Yes"
1742,"Yes"
2398,"No"
428,"No"
1425,"No"
2903,"Yes"
930,"No"
1068,"No"
1554,"No"
379,"No"
2933,"No"
671,"Yes"
2547,"No"
676,"No"
377,"Yes"
2566,"No"
312,"No"
1511,"No"
2634,"Yes"
854,"No"
2597,"No"
870,"No"
267,"No"
1255,"No"
792,"Yes"
1860,"Yes"
993,"Yes"
2852,"No"
158,"Yes"
452,"No"
590,"No"
2777,"No"
750,"Yes"
69,"Yes"
1780,"No"
1056,"No"
2653,"No"
1396,"No"
2732,"Yes"
1385,"Yes"
548,"No"
2472,"Yes"
1310,"Yes"
2673,"Yes"
1251,"No"
2916,"No"
853,"No"
1490,"Yes"
2249,"Yes"
1874,"No"
212,"Yes"
2754,"No"
2255,"Yes"
2886,"No"
1320,"Yes"
2700,"Yes"
2173,"Yes"
602,"No"
2448,"Yes"
1901,"No"
2481,"Yes"
851,"No"
2666,"No"
598,"Yes"
1323,"Yes"
1351,"No"
2492,"No"
555,"No"
1670,"Yes"
967,"Yes"
2178,"Yes"
2490,"Yes"
2326,"No"
1047,"No"
1663,"No"
928,"Yes"
1069,"No"
634,"No"
1937,"No"
1445,"No"
2148,"No"
1341,"Yes"
1452,"Yes"
1495,"No"
2275,"Yes"
2019,"No"
951,"No"
865,"Yes"
2787,"No"
2849,"No"
199,"Yes"
701,"No"
950,"No"
2154,"Yes"
48,"No"
1879,"No"
592,"Yes"
2240,"Yes"
11,"Yes"
159,"No"
1359,"No"
2788,"Yes"
2028,"No"
1619,"No"
2678,"No"
2744,"No"
237,"Yes"
940,"No"
2090,"No"
1470,"Yes"
2890,"No"
645,"Yes"
152,"No"
324,"No"
2040,"Yes"
762,"No"
1123,"No"
712,"No"
1184,"No"
2489,"No"
2303,"Yes"
2112,"Yes"
757,"Yes"
657,"No"
459,"No"
797,"Yes"
1551,"Yes"
2357,"Yes"
388,"Yes"
1081,"No"
2764,"No"
2086,"No"
2413,"No"
1951,"No"
510,"No"
2727,"Yes"
1233,"No"
321,"No"
1783,"Yes"
2996,"No"
2026,"Yes"
350,"Yes"
1349,"Yes"
408,"Yes"
1480,"No"
2629,"Yes"
1422,"Yes"
2008,"No"
1105,"Yes"
1621,"Yes"
1557,"Yes"
2037,"No"
1563,"No"
453,"Yes"
2559,"Yes"
791,"Yes"
1651,"No"
1271,"Yes"
1284,"Yes"
2651,"Yes"
2000,"Yes"
464,"Yes"
467,"Yes"
1331,"No"
927,"Yes"
1837,"No"
557,"Yes"
727,"No"
1893,"No"
2412,"No"
1960,"No"
1963,"Yes"
2867,"No"
2060,"Yes"
231,"No"
2368,"Yes"
113,"No"
1333,"No"
2689,"No"
1205,"Yes"
1754,"No"
2429,"No"
859,"Yes"
2855,"No"
2176,"Yes"
694,"Yes"
298,"No"
2917,"Yes"
397,"No"
2135,"No"
1066,"No"
1408,"No"
696,"Yes"
539,"No"
1655,"No"
1394,"No"
2746,"Yes"
2713,"No"
2383,"No"
1782,"No"
116,"No"
561,"No"
1875,"No"
2923,"No"
2458,"No"
1826,"No"
2546,"Yes"
49,"No"
91,"Yes"
2953,"No"
1347,"Yes"
306,"Yes"
519,"No"
1514,"Yes"
1521,"No"
1911,"Yes"
2848,"No"
2702,"Yes"
204,"Yes"
157,"Yes"
61,"No"
1344,"No"
1153,"No"
504,"No"
2205,"Yes"
1131,"Yes"
1319,"No"
2207,"Yes"
1858,"Yes"
953,"No"
2068,"No"
1839,"Yes"
1921,"No"
2418,"Yes"
946,"Yes"
2270,"No"
403,"Yes"
1980,"No"
923,"No"
756,"No"
2696,"No"
2092,"No"
191,"Yes"
4,"No"
77,"No"
2786,"No"
277,"Yes"
97,"Yes"
2866,"No"
911,"No"
1022,"Yes"
90,"Yes"
2400,"Yes"
2384,"No"
961,"No"
2392,"Yes"
2623,"No"
2322,"Yes"
2553,"No"
2381,"Yes"
1908,"Yes"
2537,"No"
250,"Yes"
2452,"Yes"
1675,"No"
1099,"Yes"
331,"Yes"
427,"Yes"
2960,"Yes"
1165,"No"
2869,"No"
914,"Yes"
717,"No"
38,"No"
2330,"No"
2199,"No"
190,"Yes"
751,"No"
448,"No"
2267,"Yes"
2282,"No"
2196,"No"
2609,"No"
37,"No"
2038,"Yes"
2818,"Yes"
1602,"No"
896,"No"
910,"No"
2755,"No"
2586,"No"
1419,"Yes"
980,"Yes"
1353,"Yes"
1447,"No"
273,"No"
2151,"No"
820,"No"
1167,"No"
1459,"Yes"
1316,"No"
1050,"Yes"
785,"No"
702,"No"
1318,"No"
391,"No"
2793,"No"
653,"Yes"
774,"No"
1634,"No"
2428,"No"
2815,"No"
1576,"No"
2425,"No"
638,"Yes"
2169,"No"
2811,"Yes"
2065,"No"
1156,"No"
276,"Yes"
2622,"No"
1250,"No"
1638,"No"
2627,"No"
1268,"No"
1580,"Yes"
1811,"Yes"
1087,"No"
364,"No"
2043,"Yes"
1753,"No"
733,"No"
315,"No"
2055,"No"
2545,"Yes"
2403,"Yes"
2361,"Yes"
2321,"Yes"
2994,"No"
2078,"No"
1823,"No"
1352,"Yes"
1806,"No"
1270,"Yes"
1093,"No"
2261,"No"
1191,"No"
3,"No"
605,"No"
2123,"No"
2404,"No"
151,"Yes"
494,"Yes"
2565,"No"
2402,"No"
491,"Yes"
1665,"No"
292,"Yes"
2691,"No"
130,"No"
2447,"No"
763,"No"
2355,"No"
1468,"No"
604,"No"
2557,"No"
1372,"Yes"
2464,"No"
2137,"No"
490,"Yes"
2124,"No"
2752,"No"
2679,"No"
626,"Yes"
752,"No"
1391,"Yes"
1659,"No"
1441,"No"
1231,"No"
484,"No"
2938,"Yes"
2966,"No"
2728,"No"
1649,"Yes"
913,"No"
808,"Yes"
1816,"Yes"
534,"No"
2167,"No"
2441,"No"
2288,"No"
1052,"No"
1715,"No"
169,"Yes"
2409,"No"
698,"No"
935,"Yes"
1161,"No"
2875,"No"
1662,"No"
2530,"No"
622,"No"
1146,"No"
1406,"Yes"
1,"No"
443,"No"
945,"No"
2129,"Yes"
570,"No"
416,"No"
2523,"No"
1346,"No"
1709,"No"
343,"No"
977,"No"
2701,"No"
1726,"No"
2457,"No"
1658,"No"
1008,"No"
861,"No"
1289,"No"
2366,"No"
2304,"Yes"
1109,"Yes"
1149,"Yes"
1442,"No"
652,"Yes"
944,"Yes"
2769,"No"
1269,"No"
1196,"Yes"
1163,"No"
2459,"No"
1913,"Yes"
2660,"Yes"
1571,"Yes"
2630,"No"
806,"No"
414,"Yes"
1881,"No"
1382,"No"
2639,"No"
925,"No"
1028,"No"
632,"No"
1179,"No"
316,"Yes"
1456,"Yes"
529,"Yes"
1585,"Yes"
722,"No"
338,"Yes"
56,"Yes"
2393,"No"
208,"No"
166,"No"
101,"Yes"
885,"No"
888,"No"
1699,"No"
678,"No"
2950,"No"
2259,"No"
205,"Yes"
353,"No"
1212,"Yes"
2993,"No"
1479,"No"
1707,"No"
613,"No"
998,"Yes"
2862,"Yes"
2860,"No"
636,"No"
1954,"No"
2789,"Yes"
2066,"Yes"
714,"Yes"
1922,"No"
2339,"No"
2850,"No"
482,"Yes"
2600,"Yes"
2644,"No"
239,"No"
2002,"No"
473,"No"
965,"Yes"
179,"No"
887,"Yes"
576,"No"
599,"No"
2893,"No"
1236,"No"
1528,"Yes"
1684,"Yes"
1798,"No"
1024,"Yes"
1117,"Yes"
1292,"No"
2803,"No"
1089,"No"
1687,"Yes"
2513,"No"
718,"No"
1332,"Yes"
732,"No"
1773,"Yes"
734,"Yes"
1740,"No"
2997,"No"
2635,"Yes"
850,"No"
2110,"No"
1928,"No"
2605,"Yes"
2316,"No"
2256,"Yes"
1852,"Yes"
1664,"No"
395,"No"
1305,"No"
618,"No"
2642,"No"
495,"No"
2645,"No"
831,"Yes"
129,"No"
731,"Yes"
384,"Yes"
646,"No"
2939,"Yes"
846,"No"
1607,"No"
259,"No"
2636,"No"
1999,"Yes"
764,"No"
2838,"No"
100,"Yes"
2372,"Yes"
70,"No"
1989,"No"
1545,"Yes"
2863,"Yes"
1952,"Yes"
1377,"No"
2362,"No"
739,"No"
1641,"No"
515,"No"
1861,"No"
1014,"Yes"
216,"Yes"
1817,"Yes"
542,"No"
78,"No"
2870,"Yes"
852,"Yes"
2474,"Yes"
1535,"No"
1039,"Yes"
2831,"No"
2244,"No"
1559,"No"
386,"No"
2894,"No"
1685,"No"
845,"No"
672,"No"
1416,"No"
654,"Yes"
214,"Yes"
1287,"Yes"
788,"Yes"
2460,"Yes"
2509,"No"
723,"No"
2986,"No"
2417,"Yes"
1139,"No"
2549,"Yes"
221,"No"
1174,"No"
497,"No"
2872,"No"
2723,"Yes"
2329,"No"
552,"Yes"
1647,"Yes"
2374,"No"
1739,"No"
22,"No"
1243,"Yes"
2181,"Yes"
2016,"No"
2520,"No"
1176,"No"
509,"No"
2487,"No"
2147,"No"
890,"Yes"
182,"No"
2590,"No"
697,"No"
799,"No"
136,"No"
524,"Yes"
2737,"No"
1906,"Yes"
2160,"No"
2264,"Yes"
83,"No"
2710,"Yes"
1942,"Yes"
2854,"Yes"
2654,"No"
1628,"No"
2581,"No"
2387,"No"
2611,"No"
1112,"No"
2954,"No"
44,"Yes"
942,"No"
2958,"No"
2379,"Yes"
1114,"No"
2528,"No"
2912,"No"
1517,"No"
2602,"Yes"
1642,"No"
2375,"No"
1343,"No"
1856,"No"
957,"No"
728,"No"
879,"No"
1027,"No"
1914,"No"
1746,"No"
2299,"No"
893,"Yes"
404,"Yes"
547,"No"
1975,"Yes"
995,"No"
1472,"No"
798,"No"
1020,"No"
1475,"Yes"
1600,"No"
1769,"No"
2922,"No"
2940,"Yes"
373,"Yes"
2536,"Yes"
2415,"No"
1846,"Yes"
2309,"Yes"
2655,"Yes"
1994,"No"
1211,"No"
782,"No"
1682,"No"
884,"Yes"
18,"No"
2453,"Yes"
2659,"No"
1532,"No"
894,"No"
1375,"No"
366,"No"
287,"No"
1527,"Yes"
1583,"No"
1296,"No"
2658,"No"
466,"No"
1853,"No"
2035,"No"
1208,"No"
969,"No"
1796,"No"
1177,"No"
1043,"No"
667,"No"
2045,"Yes"
2237,"No"
1833,"No"
1075,"No"
2992,"Yes"
2661,"No"
1609,"No"
410,"Yes"
1471,"No"
1674,"No"
2340,"No"
68,"Yes"
2352,"Yes"
1201,"Yes"
2664,"No"
2711,"No"
773,"No"
2589,"Yes"
34,"Yes"
631,"No"
684,"Yes"
2226,"Yes"
361,"No"
608,"Yes"
2748,"No"
2296,"No"
2570,"No"
1686,"Yes"
2676,"Yes"
1519,"No"
1267,"No"
1467,"No"
1016,"No"
1784,"Yes"
1398,"No"
1542,"Yes"
127,"No"
1242,"No"
2214,"No"
2350,"Yes"
907,"No"
1283,"No"
740,"No"
337,"No"
2534,"No"
2929,"No"
855,"No"
857,"No"
1210,"No"
470,"Yes"
1071,"No"
1680,"Yes"
2394,"No"
1548,"No"
1426,"No"
1834,"No"
2683,"No"
978,"Yes"
2253,"No"
1240,"Yes"
1949,"No"
2242,"No"
630,"No"
829,"Yes"
2765,"Yes"
382,"Yes"
1582,"No"
1637,"Yes"
516,"Yes"
132,"Yes"
1144,"No"
307,"Yes"
841,"No"
2386,"No"
2217,"No"
356,"No"
1350,"No"
1865,"No"
1315,"Yes"
2353,"No"
66,"Yes"
308,"No"
597,"No"
2027,"No"
213,"No"
2245,"Yes"
1026,"No"
1598,"No"
88,"No"
2957,"No"
1828,"Yes"
1932,"No"
575,"Yes"
207,"No"
1900,"No"
1404,"Yes"
1338,"Yes"
813,"No"
2904,"No"
2569,"Yes"
2241,"No"
224,"No"
726,"No"
2895,"Yes"
1373,"No"
442,"No"
431,"No"
517,"No"
1321,"No"
294,"No"
903,"Yes"
2230,"No"
1667,"No"
1293,"Yes"
1155,"No"
325,"No"
746,"Yes"
2004,"No"
274,"No"
915,"No"
413,"No"
573,"Yes"
1090,"Yes"
1335,"Yes"
1427,"Yes"
1541,"No"
2511,"No"
137,"Yes"
970,"No"
1402,"No"
2784,"Yes"
1088,"No"
74,"No"
1640,"No"
2115,"No"
425,"No"
1889,"Yes"
424,"No"
2018,"No"
2144,"No"
203,"No"
1101,"No"
2839,"No"
898,"Yes"
1241,"No"
2161,"No"
1537,"Yes"
856,"Yes"
51,"No"
1925,"No"
620,"Yes"
1507,"No"
2164,"No"
352,"No"
2080,"No"
1051,"No"
186,"No"
1013,"No"
271,"No"
25,"No"
1029,"Yes"
2779,"No"
426,"Yes"
2331,"No"
1365,"No"
952,"No"
469,"No"
2034,"No"
2517,"Yes"
628,"No"
1760,"No"
2096,"No"
1716,"Yes"
1741,"No"
1403,"No"
2598,"No"
873,"Yes"
2540,"No"
649,"No"
2751,"No"
1132,"No"
1945,"Yes"
1374,"No"
1737,"No"
2946,"No"
419,"No"
1992,"Yes"
637,"Yes"
2716,"No"
1708,"Yes"
2233,"No"
230,"No"
1700,"Yes"
2408,"No"
2470,"Yes"
2349,"Yes"
233,"No"
1084,"Yes"
2837,"Yes"
2564,"Yes"
2694,"No"
520,"No"
2680,"No"
1111,"Yes"
2219,"No"
1909,"No"
502,"No"
772,"No"
253,"No"
1121,"No"
1761,"No"
1793,"Yes"
900,"No"
839,"No"
2059,"No"
1854,"Yes"
2071,"Yes"
2571,"No"
673,"Yes"
1168,"No"
931,"No"
2688,"Yes"
1007,"No"
211,"Yes"
655,"Yes"
2062,"Yes"
2552,"Yes"
2195,"No"
675,"Yes"
458,"No"
1876,"Yes"
2603,"Yes"
2047,"No"
1691,"No"
2768,"No"
584,"No"
2822,"No"
2578,"No"
2391,"Yes"
2058,"Yes"
1987,"No"
2675,"Yes"
27,"No"
974,"No"
578,"No"
2432,"Yes"
1978,"No"
2729,"No"
385,"Yes"
2155,"Yes"
2883,"No"
1538,"Yes"
908,"No"
2281,"Yes"
1719,"No"
1498,"Yes"
629,"Yes"
1775,"No"
2924,"No"
1401,"No"
633,"Yes"
2936,"No"
1006,"Yes"
924,"No"
2842,"No"
163,"No"
2584,"No"
2211,"No"
392,"No"
1959,"No"
2157,"No"
2294,"Yes"
2999,"No"
194,"No"
1891,"No"
2743,"No"
651,"No"
1064,"Yes"
1157,"Yes"
1433,"No"
2298,"Yes"
1500,"No"
2003,"No"
2399,"No"
2824,"No"
2682,"No"
102,"No"
138,"No"
882,"No"
40,"No"
2747,"Yes"
242,"Yes"
2083,"No"
2082,"No"
2796,"No"
340,"No"
2529,"Yes"
451,"No"
2843,"No"
1063,"No"
661,"Yes"
2825,"Yes"
1929,"Yes"
877,"Yes"
1567,"Yes"
2739,"Yes"
2213,"No"
794,"No"
154,"Yes"
2258,"Yes"
1417,"No"
1824,"Yes"
2422,"No"
462,"No"
2338,"Yes"
2956,"No"
771,"No"
627,"No"
1718,"No"
1985,"No"
2373,"Yes"
2524,"No"
1632,"No"
2558,"Yes"
1072,"Yes"
1810,"Yes"
647,"Yes"
2462,"No"
2406,"Yes"
2892,"No"
283,"No"
2106,"No"
2359,"No"
2670,"No"
1379,"No"
225,"Yes"
2897,"No"
1690,"No"
1851,"No"
2851,"No"
1499,"No"
2965,"No"
973,"No"
569,"No"
92,"No"
1107,"No"
619,"Yes"
1366,"Yes"
2354,"No"
342,"Yes"
2551,"No"
280,"Yes"
2823,"No"
290,"Yes"
1223,"No"
2733,"No"
2735,"No"
2315,"Yes"
2792,"No"
1838,"No"
2715,"Yes"
1702,"No"
1276,"No"
1574,"No"
1355,"No"
541,"No"
1880,"No"
972,"No"
556,"Yes"
1656,"Yes"
1046,"No"
227,"Yes"
26,"No"
2108,"No"
2284,"Yes"
46,"Yes"
1772,"No"
1964,"Yes"
2506,"Yes"
2840,"No"
525,"Yes"
2182,"No"
2976,"No"
2575,"Yes"
2930,"No"
107,"No"
983,"No"
422,"Yes"
2812,"No"
1065,"No"
1481,"No"
10,"No"
916,"No"
568,"No"
2419,"No"
1827,"No"
1771,"No"
1734,"Yes"
293,"No"
2014,"Yes"
975,"No"
2099,"No"
1249,"No"
1304,"No"
1330,"No"
217,"Yes"
67,"No"
2541,"No"
2009,"Yes"
501,"No"
1300,"No"
2880,"No"
234,"No"
994,"No"
1725,"No"
780,"No"
2188,"No"
1522,"No"
1593,"No"
1186,"No"
421,"Yes"
1094,"No"
87,"Yes"
1802,"No"
269,"No"
826,"Yes"
164,"No"
2494,"Yes"
1681,"Yes"
1529,"No"
2816,"No"
447,"No"
1584,"No"
160,"No"
1415,"Yes"
1799,"No"
82,"Yes"
941,"Yes"
383,"Yes"
2484,"No"
658,"No"
1870,"No"
2423,"No"
430,"No"
1317,"No"
260,"Yes"
959,"Yes"
1568,"Yes"
376,"No"
1145,"Yes"
2084,"Yes"
1866,"Yes"
1887,"No"
966,"Yes"
1830,"No"
2197,"Yes"
2554,"No"
1214,"No"
2500,"Yes"
2596,"No"
180,"Yes"
1195,"No"
2502,"Yes"
2463,"No"
1279,"No"
328,"No"
1588,"Yes"
1745,"No"
1955,"No"
2337,"Yes"
1803,"Yes"
2141,"No"
2925,"No"
2005,"No"
1626,"No"
2483,"No"
1872,"Yes"
2861,"No"
2550,"Yes"
707,"Yes"
1265,"No"
2568,"Yes"
670,"No"
41,"No"
721,"No"
2955,"No"
1701,"No"
268,"Yes"
206,"Yes"
351,"No"
1979,"Yes"
2544,"No"
2577,"No"
118,"Yes"
615,"Yes"
2493,"Yes"
2775,"Yes"
2290,"Yes"
2246,"No"
1930,"No"
1151,"No"
1147,"Yes"
1777,"No"
1766,"Yes"
2647,"No"
2648,"No"
1037,"Yes"
2580,"No"
16,"Yes"
1329,"No"
275,"No"
2948,"No"
1234,"No"
1570,"No"
2876,"No"
1209,"Yes"
1119,"Yes"
1815,"Yes"
2271,"No"
821,"No"
895,"No"
937,"Yes"
115,"No"
1256,"Yes"
917,"No"
2614,"No"
2482,"Yes"
1757,"Yes"
1378,"No"
1972,"No"
1630,"No"
2102,"No"
1368,"No"
2121,"No"
354,"Yes"
2646,"Yes"
1947,"No"
2095,"Yes"
1044,"No"
2833,"No"
2604,"No"
341,"Yes"
1759,"No"
1883,"No"
1516,"Yes"
1676,"No"
2426,"Yes"
1974,"Yes"
1376,"No"
1494,"Yes"
938,"Yes"
2163,"Yes"
2145,"Yes"
1414,"Yes"
7,"No"
1259,"No"
1159,"No"
1934,"Yes"
660,"No"
2782,"No"
1502,"Yes"
1566,"No"
804,"No"
2371,"No"
872,"No"
2376,"Yes"
685,"No"
2036,"Yes"
2961,"No"
2063,"Yes"
1814,"No"
2579,"No"
2770,"No"
2138,"Yes"
282,"No"
1624,"No"
909,"Yes"
2265,"Yes"
2753,"No"
2446,"No"
1095,"No"
1752,"No"
1990,"No"
249,"No"
444,"No"
2721,"Yes"
876,"Yes"
2973,"No"
901,"No"
2085,"Yes"
1898,"No"
1253,"Yes"
1669,"Yes"
1328,"No"
1692,"Yes"
313,"No"
989,"Yes"
1306,"Yes"
369,"No"
2947,"No"
262,"Yes"
2015,"No"
2977,"No"
2507,"No"
1722,"Yes"
2232,"No"
1723,"No"
1451,"No"
527,"No"
2103,"No"
2295,"Yes"
435,"Yes"
5,"Yes"
439,"Yes"
1080,"Yes"
258,"Yes"
1476,"Yes"
2198,"Yes"
784,"No"
1678,"Yes"
2621,"No"
326,"No"
1336,"Yes"
1961,"Yes"
1086,"No"
2427,"No"
156,"No"
743,"Yes"
1005,"Yes"
596,"No"
1202,"No"
912,"No"
24,"Yes"
2624,"No"
357,"No"
1461,"No"
2140,"Yes"
1257,"No"
333,"No"
1561,"No"
185,"No"
2286,"No"
2202,"Yes"
2989,"No"
263,"No"
2380,"No"
1263,"Yes"
954,"Yes"
94,"Yes"
1036,"No"
1345,"No"
593,"No"
1437,"No"
1855,"Yes"
2476,"No"
2223,"No"
2052,"No"
2918,"No"
2757,"Yes"
2968,"No"
986,"No"
2503,"No"
2466,"Yes"
662,"Yes"
1820,"No"
2543,"Yes"
1424,"No"
1060,"No"
86,"No"
1170,"Yes"
1125,"No"
1927,"No"
2791,"No"
161,"No"
2899,"No"
1160,"No"
2266,"Yes"
2044,"Yes"
2625,"No"
2158,"Yes"
2172,"No"
926,"No"
2194,"No"
1787,"No"
1199,"No"
2911,"No"
640,"No"
1577,"No"
2734,"No"
488,"No"
2133,"No"
1916,"Yes"
1885,"No"
1695,"Yes"
2486,"Yes"
985,"Yes"
962,"Yes"
2175,"No"
2,"No"
1553,"No"
2206,"No"
1254,"No"
1788,"Yes"
1193,"Yes"
725,"No"
1274,"No"
173,"No"
949,"Yes"
1175,"Yes"
2931,"Yes"
2868,"No"
1194,"Yes"
121,"No"
1103,"No"
2118,"No"
1613,"No"
1286,"No"
824,"No"
1727,"No"
1970,"No"
286,"No"
2116,"No"
1603,"Yes"
2454,"No"
1967,"Yes"
1703,"Yes"
2705,"No"
2501,"No"
1496,"No"
1150,"No"
272,"No"
1774,"No"
2332,"No"
1767,"No"
2319,"Yes"
1871,"No"
2442,"No"
2465,"No"
554,"No"
1604,"No"
437,"Yes"
1418,"Yes"
2910,"No"
406,"No"
1273,"No"
2348,"No"
498,"Yes"
823,"No"
200,"No"
471,"Yes"
1842,"Yes"
1864,"No"
215,"No"
1539,"Yes"
1434,"Yes"
2830,"No"
2628,"No"
1443,"Yes"
612,"No"
1221,"No"
2704,"Yes"
362,"No"
549,"Yes"
2113,"Yes"
1953,"No"
2617,"Yes"
109,"No"
2794,"Yes"
713,"No"
2389,"No"
1285,"No"
809,"No"
1122,"No"
2722,"No"
2313,"Yes"
1135,"No"
128,"No"
899,"No"
783,"No"
1262,"No"
1034,"Yes"
775,"Yes"
1946,"Yes"
2385,"Yes"
2526,"No"
1614,"No"
1645,"No"
1825,"Yes"
2430,"No"
2608,"No"
603,"No"
1136,"Yes"
530,"No"
2927,"No"
2236,"No"
2874,"No"
753,"No"
776,"Yes"
2514,"No"
2450,"No"
1950,"No"
105,"No"
2731,"Yes"
1238,"No"
59,"No"
2305,"No"
665,"No"
2697,"No"
1290,"No"
368,"Yes"
1829,"No"
1171,"No"
611,"No"
528,"No"
2076,"No"
2827,"Yes"
2515,"No"
2081,"No"
2433,"No"
2130,"Yes"
2724,"No"
264,"Yes"
2109,"No"
2388,"No"
456,"Yes"
2516,"No"
2612,"No"
616,"No"
922,"No"
2347,"No"
210,"Yes"
2878,"Yes"
2795,"No"
2042,"Yes"
2434,"No"
1785,"Yes"
1464,"Yes"
2407,"Yes"
2959,"No"
1595,"Yes"
2187,"Yes"
1850,"No"
1409,"No"
80,"No"
1405,"No"
1252,"No"
2637,"No"
738,"No"
2967,"No"
1983,"Yes"
1868,"No"
188,"Yes"
1291,"No"
339,"Yes"
2170,"Yes"
1599,"Yes"
2072,"Yes"
305,"Yes"
1779,"No"
1841,"No"
1298,"No"
1229,"No"
1399,"No"
457,"No"
2826,"No"
2888,"No"
1062,"No"
241,"Yes"
1477,"Yes"
1116,"Yes"
1688,"No"
551,"Yes"
1549,"No"
1178,"No"
1497,"No"
1805,"No"
2800,"No"
1004,"Yes"
1478,"No"
842,"No"
8,"No"
1407,"No"
704,"No"
2333,"No"
1807,"No"
1465,"No"
2560,"No"
2345,"No"
1962,"No"
1348,"Yes"
1049,"No"
1303,"No"
1204,"No"
1941,"No"
511,"No"
2497,"No"
505,"Yes"
2937,"No"
349,"Yes"
1525,"No"
2356,"No"
15,"Yes"
2401,"No"
1721,"Yes"
378,"Yes"
393,"Yes"
1278,"Yes"
1048,"No"
2521,"Yes"
2773,"No"
1633,"Yes"
832,"No"
400,"Yes"
150,"No"
1534,"No"
711,"No"
566,"No"
1622,"No"
358,"No"
512,"No"
441,"Yes"
2467,"No"
2555,"No"
243,"No"
1958,"No"
2606,"No"
2709,"No"
1200,"No"
2436,"Yes"
2902,"No"
2907,"Yes"
523,"No"
1508,"No"
1808,"Yes"
389,"No"
1115,"No"
2365,"Yes"
992,"Yes"
2750,"No"
2301,"No"
624,"No"
2638,"No"
904,"No"
1683,"No"
956,"No"
2152,"Yes"
42,"No"
2342,"No"
758,"No"
1011,"No"
1491,"Yes"
2308,"No"
943,"No"
1458,"Yes"
1933,"No"
521,"No"
2209,"Yes"
920,"No"
2681,"No"
2067,"No"
1453,"No"
1035,"No"
715,"Yes"
1712,"No"
2508,"No"
2006,"No"
571,"No"
1326,"No"
2981,"No"
1589,"Yes"
2238,"No"
1067,"No"
1556,"No"
2525,"No"
1993,"Yes"
1104,"No"
2548,"No"
531,"No"
1260,"No"
1182,"Yes"
2742,"Yes"
371,"No"
438,"No"
1220,"No"
394,"No"
1058,"Yes"
1015,"No"
1367,"Yes"
2327,"No"
2234,"Yes"
1791,"Yes"
142,"No"
89,"No"
162,"Yes"
699,"Yes"
1679,"No"
335,"No"
2783,"No"
2667,"No"
2411,"No"
558,"No"
2091,"No"
2766,"Yes"
228,"No"
252,"No"
1924,"Yes"
1896,"No"
432,"No"
1819,"No"
126,"No"
2587,"No"
2585,"Yes"
543,"No"
2485,"No"
2049,"No"
2285,"No"
1765,"No"
1907,"No"
2588,"No"
183,"No"
2607,"Yes"
1736,"No"
1587,"No"
1032,"No"
2859,"No"
2672,"No"
2263,"No"
692,"No"
2252,"Yes"
2504,"No"
1228,"No"
2499,"No"
2776,"No"
500,"No"
1660,"Yes"
170,"Yes"
1918,"No"
1432,"Yes"
708,"No"
2626,"No"
95,"Yes"
145,"No"
1698,"No"
1102,"Yes"
1617,"No"
761,"No"
2134,"No"
1421,"No"
2477,"Yes"
1389,"Yes"
1057,"No"
209,"No"
125,"Yes"
2669,"No"
2325,"No"
2204,"Yes"
585,"No"
1073,"No"
2031,"No"
1555,"No"
1079,"Yes"
508,"Yes"
79,"No"
810,"No"
1610,"No"
2865,"No"
790,"No"
765,"Yes"
814,"No"
565,"No"
2293,"Yes"
1812,"Yes"
9,"Yes"
483,"No"
499,"Yes"
2832,"No"
2640,"No"
2370,"No"
314,"No"
360,"No"
648,"No"
1158,"No"
2097,"No"
1380,"Yes"
2980,"No"
1758,"No"
2531,"No"
2720,"No"
2056,"No"
1420,"No"
1002,"Yes"
2972,"Yes"
827,"No"
760,"Yes"
261,"No"
641,"No"
2479,"No"
407,"Yes"
2665,"No"
730,"No"
1849,"No"
2421,"Yes"
2615,"No"
2343,"No"
1531,"No"
2900,"Yes"
1473,"No"
1905,"Yes"
1363,"No"
1813,"No"
1668,"No"
2291,"No"
30,"Yes"
2443,"No"
2730,"No"
122,"Yes"
2632,"No"
1747,"No"
1216,"No"
2643,"Yes"
245,"No"
2518,"Yes"
2126,"Yes"
1804,"Yes"
474,"No"
1800,"No"
285,"No"
934,"No"
2341,"No"
1809,"No"
921,"No"
1288,"Yes"
2952,"No"
2778,"No"
1235,"No"
1361,"No"
55,"No"
2618,"No"
229,"No"
2268,"No"
1325,"No"
2563,"No"
2225,"No"
304,"No"
800,"No"
2183,"No"
659,"Yes"
2677,"No"
889,"No"
897,"No"
147,"Yes"
2087,"No"
401,"Yes"
1237,"No"
1988,"Yes"
601,"No"
2703,"No"
936,"Yes"
681,"No"
2119,"Yes"
724,"No"
706,"No"
195,"No"
679,"Yes"
2964,"No"
680,"Yes"
902,"No"
582,"No"
2649,"Yes"
778,"No"
134,"Yes"
62,"No"
463,"No"
57,"Yes"
120,"Yes"
518,"Yes"
546,"No"
2539,"No"
1847,"No"
2382,"No"
2227,"No"
1282,"No"
2896,"No"
1755,"Yes"
2420,"No"
742,"Yes"
999,"No"
2905,"No"
2222,"No"
2314,"Yes"
537,"No"
1429,"No"
53,"Yes"
666,"Yes"
1550,"No"
1311,"No"
2522,"No"
420,"Yes"
110,"No"
2351,"No"
1181,"No"
770,"No"
2191,"Yes"
2029,"No"
1218,"No"
2248,"Yes"
2801,"No"
81,"No"
2336,"No"
1575,"No"
2995,"No"
2107,"Yes"
2311,"Yes"
2714,"Yes"
20,"Yes"
656,"No"
2070,"No"
2150,"No"
963,"Yes"
1558,"Yes"
550,"No"
1061,"No"
348,"No"
768,"No"
1878,"No"
1138,"Yes"
2041,"No"
1895,"Yes"
2212,"No"
700,"Yes"
2437,"No"
1245,"No"
255,"No"
171,"No"
23,"Yes"
365,"No"
1462,"No"
610,"Yes"
2289,"Yes"
1890,"Yes"
1735,"Yes"
2576,"No"
2203,"Yes"
310,"No"
1509,"Yes"
168,"No"
1612,"No"
329,"No"
1137,"Yes"
1768,"No"
1113,"No"
2527,"No"
1091,"No"
2131,"No"
1128,"Yes"
1078,"Yes"
2021,"No"
2991,"Yes"
1010,"Yes"
2215,"Yes"
288,"No"
1886,"Yes"
1618,"No"
2909,"No"
567,"No"
336,"No"
2344,"Yes"
299,"Yes"
197,"No"
472,"No"
1307,"No"
2414,"Yes"
2535,"Yes"
45,"No"
1294,"No"
1650,"No"
2740,"No"
1019,"Yes"
687,"No"
1486,"No"
1000,"No"
2828,"No"
2053,"No"
1926,"No"
1395,"Yes"
284,"No"
1454,"No"
193,"Yes"
1965,"No"
1030,"No"
833,"No"
155,"No"
2358,"No"
1482,"No"
433,"No"
1012,"No"
1198,"No"
415,"Yes"
1386,"Yes"
2300,"No"
114,"Yes"
2269,"No"
2011,"No"
777,"Yes"
1197,"No"
1313,"No"
1697,"Yes"
1635,"Yes"
14,"No"
2741,"No"
247,"No"
828,"No"
1671,"Yes"
1706,"No"
2438,"Yes"
303,"No"
2821,"No"
2809,"No"
2845,"No"
2142,"Yes"
449,"No"
2310,"No"
1152,"Yes"
1510,"Yes"
1141,"No"
2498,"Yes"
1183,"No"
2772,"No"
2759,"No"
735,"Yes"
1764,"Yes"
1339,"No"
863,"Yes"
487,"Yes"
1693,"No"
71,"Yes"
1540,"Yes"
2335,"No"
1362,"Yes"
2455,"No"
1822,"Yes"
1738,"No"
6,"No"
2287,"No"
2416,"No"
574,"No"
1792,"Yes"
815,"No"
1562,"No"
1892,"No"
2856,"No"
2274,"No"
958,"Yes"
1108,"No"
1474,"Yes"
2292,"Yes"
2719,"No"
705,"No"
1411,"No"
380,"No"
2891,"No"
1357,"Yes"
270,"No"
2054,"No"
2120,"No"
2210,"Yes"
1969,"Yes"
1648,"No"
2317,"No"
1045,"Yes"
278,"No"
866,"No"
886,"Yes"
2990,"Yes"
688,"No"
254,"No"
178,"No"
1518,"No"
971,"Yes"
1431,"No"
2136,"Yes"
749,"Yes"
1625,"No"
2098,"Yes"
793,"Yes"
29,"Yes"
990,"No"
1957,"No"
874,"Yes"
1309,"Yes"
1275,"Yes"
2224,"No"
1605,"No"
2480,"No"
1984,"No"
2987,"Yes"
507,"No"
1888,"No"
1966,"No"
745,"No"
955,"No"
1948,"No"
677,"No"
2243,"No"
819,"No"
1070,"No"
2193,"Yes"
104,"No"
1314,"No"
2686,"No"
1863,"No"
2456,"Yes"
149,"No"
124,"Yes"
2491,"No"
1597,"No"
932,"Yes"
2806,"Yes"
991,"No"
35,"No"
844,"No"
2156,"No"
560,"No"
2836,"Yes"
2048,"No"
2595,"No"
1590,"No"
2708,"No"
31,"No"
2592,"Yes"
1295,"No"
609,"No"
309,"No"
1230,"No"
2257,"Yes"
2687,"No"
744,"Yes"
2829,"No"
2920,"No"
1710,"No"
2276,"No"
445,"Yes"
257,"No"
2364,"Yes"
858,"Yes"
1261,"Yes"
1227,"No"
2139,"No"
140,"Yes"
847,"No"
1297,"Yes"
2101,"Yes"
1397,"No"
2738,"No"
2712,"No"
2114,"Yes"
1770,"No"
2984,"No"
84,"No"
492,"No"
2871,"Yes"
1750,"No"
1083,"Yes"
2025,"No"
811,"Yes"
533,"No"
2887,"No"
1620,"No"
830,"No"
2495,"No"
2718,"No"
748,"Yes"
1744,"No"
39,"No"
2650,"No"
1501,"Yes"
683,"No"
1436,"No"
2771,"No"
1569,"No"
2963,"No"
1743,"No"
1616,"Yes"
1623,"Yes"
2023,"No"
318,"Yes"
1661,"No"
1639,"No"
2435,"No"
1996,"No"
506,"No"
2725,"No"
796,"Yes"
2439,"No"
2926,"Yes"
2975,"Yes"
2262,"No"
2767,"No"
2122,"No"
2561,"No"
1444,"Yes"
1931,"No"
635,"No"
1469,"Yes"
1232,"No"
825,"No"
1301,"No"
1696,"No"
2962,"Yes"
2057,"No"
236,"No"
1795,"Yes"
987,"No"
1776,"No"
1998,"No"
479,"No"
577,"Yes"
759,"No"
398,"Yes"
2216,"Yes"
235,"No"
1082,"No"
1031,"Yes"
1129,"Yes"
2662,"No"
579,"No"
2970,"No"
2969,"Yes"
522,"No"
2807,"Yes"
58,"No"
2889,"No"
399,"Yes"
1976,"No"
220,"No"
2599,"No"
187,"No"
1042,"No"
1239,"Yes"
801,"No"
2077,"Yes"
1266,"Yes"
1244,"Yes"
540,"No"
1581,"Yes"
2017,"No"
1187,"No"
1526,"Yes"
184,"No"
2758,"No"
600,"No"
668,"No"
1337,"Yes"
2260,"Yes"
1986,"No"
2785,"Yes"
412,"Yes"
2235,"No"
1134,"Yes"
1192,"No"
805,"Yes"
1646,"No"
1653,"No"
2846,"No"
1356,"Yes"
423,"No"
1636,"Yes"
1835,"No"
2813,"No"
2698,"No"
50,"No"
1390,"No"
1751,"Yes"
2573,"No"
3000,"No"
754,"No"
345,"Yes"
1544,"No"
429,"No"
2652,"No"
1631,"No"
330,"No"
1724,"Yes"
2707,"No"
2805,"Yes"
2841,"No"
296,"No"
617,"Yes"
1455,"No"
1327,"No"
2914,"Yes"
1272,"No"
1188,"No"
367,"No"
1912,"No"
281,"No"
265,"No"
1169,"No"
960,"No"
196,"Yes"
979,"No"
2323,"No"
1672,"Yes"
2239,"Yes"
2873,"No"
2858,"No"
1127,"No"
1148,"Yes"
1334,"Yes"
1845,"Yes"
450,"No"
2562,"Yes"
1862,"No"
176,"No"
1515,"Yes"
1689,"Yes"
417,"Yes"
436,"No"
1995,"No"
781,"Yes"
1388,"No"
2817,"No"
266,"Yes"
1484,"No"
1713,"No"
1185,"No"
2094,"Yes"
1143,"Yes"
2254,"Yes"
320,"No"
43,"No"
2798,"No"
1106,"No"
1732,"Yes"
1859,"No"
1126,"No"
2915,"No"
1120,"No"
2693,"Yes"
223,"Yes"
880,"Yes"
2328,"No"
332,"No"
1920,"Yes"
2591,"Yes"
2105,"No"
1591,"No"
2100,"No"
1844,"No"
2179,"No"
709,"No"
1677,"No"
2616,"No"
1017,"Yes"
1899,"Yes"
891,"No"
2538,"No"
2013,"No"
246,"No"
1748,"No"
2475,"No"
251,"No"
2180,"No"
767,"No"
1596,"Yes"
595,"Yes"
1463,"Yes"
144,"No"
244,"No"
1968,"Yes"
174,"Yes"
607,"No"
2449,"No"
481,"Yes"
1790,"Yes"
334,"Yes"
2208,"No"
1098,"No"
1485,"Yes"
2012,"No"
526,"No"
1302,"No"
1840,"Yes"
589,"Yes"
2619,"Yes"
1206,"Yes"
1797,"No"
1565,"No"
1450,"Yes"
475,"Yes"
468,"No"
1884,"No"
240,"No"
933,"Yes"
98,"No"
2334,"No"
807,"No"
219,"Yes"
2695,"Yes"
2153,"No"
2468,"No"
1546,"No"
434,"No"
795,"Yes"
1943,"Yes"
2998,"No"
2620,"No"
2166,"No"
1154,"No"
1003,"No"
1756,"Yes"
1423,"No"
1219,"No"
2186,"No"
1096,"Yes"
2277,"No"
2046,"No"
2949,"No"
729,"Yes"
172,"No"
812,"No"
1608,"No"
2706,"No"
1910,"Yes"
996,"No"
52,"No"
1594,"No"
1956,"No"
1489,"Yes"
1794,"No"
2039,"Yes"
297,"No"
112,"No"
2908,"No"
2663,"No"
513,"Yes"
2229,"No"
1503,"No"
2864,"Yes"
1731,"No"
1077,"No"
686,"No"
703,"No"
1904,"Yes"
2128,"No"
1021,"Yes"
2318,"No"
411,"No"
621,"No"
1324,"No"
222,"Yes"
947,"Yes"
2978,"No"
2024,"Yes"
1877,"Yes"
2278,"No"
710,"No"
446,"No"
2445,"No"
72,"No"
96,"Yes"
868,"No"
1982,"No"
1629,"Yes"
803,"Yes"
837,"Yes"
1009,"No"
836,"No"
2162,"No"
108,"No"
226,"Yes"
2390,"No"
455,"No"
663,"No"
1505,"Yes"
2877,"No"
2177,"No"
1371,"No"
2346,"No"
2473,"No"
2369,"Yes"
1446,"No"
1524,"No"
741,"No"
1180,"Yes"
2050,"No"
2378,"No"
117,"Yes"
1902,"No"
1923,"No"
311,"No"
2297,"No"
736,"Yes"
418,"Yes"
143,"Yes"
1615,"Yes"
1173,"No"
1438,"No"
2519,"No"
1714,"No"
1657,"No"
1439,"Yes"
2684,"No"
295,"Yes"
1203,"Yes"
374,"No"
1247,"No"
133,"Yes"
2200,"No"
1728,"No"
1749,"Yes"
581,"No"
2496,"No"
848,"No"
572,"No"
1694,"Yes"
2231,"Yes"
1573,"Yes"
816,"Yes"
2797,"No"
2556,"Yes"
153,"No"
1074,"Yes"
2505,"No"
1370,"Yes"
1944,"No"
1536,"No"
878,"No"
2756,"Yes"
918,"No"
766,"No"
875,"Yes"
1364,"Yes"
2363,"No"
1076,"No"
440,"No"
1166,"Yes"
2159,"No"
2879,"Yes"
643,"No"
1053,"Yes"
737,"No"
586,"No"
1938,"No"
54,"Yes"
2280,"No"
2218,"Yes"
1189,"No"
148,"Yes"
493,"Yes"
2307,"No"
2928,"Yes"
202,"No"
2847,"No"
375,"No"
1523,"No"
2582,"No"
2075,"Yes"
106,"No"
2726,"No"
997,"No"
1215,"Yes"
99,"Yes"
372,"No"
535,"No"
75,"No"
2985,"No"
2532,"No"
489,"Yes"
1997,"Yes"
693,"No"
201,"Yes"
614,"Yes"
17,"No"
32,"No"
1092,"No"
2898,"No"
1428,"No"
1560,"Yes"
2030,"No"
720,"No"
248,"No"
2168,"No"
664,"Yes"
2983,"No"
177,"No"
2613,"No"
2780,"No"
2032,"No"
2574,"Yes"
840,"Yes"
2808,"Yes"
465,"Yes"
1506,"No"
2641,"No"
563,"No"
232,"No"
175,"No"
2431,"No"
1164,"No"
690,"No"
755,"Yes"
1213,"Yes"
588,"No"
1705,"Yes"
1940,"No"
2478,"Yes"
1059,"Yes"
1358,"No"
2512,"No"
1118,"No"
982,"No"
2250,"No"
1704,"No"
948,"No"
1643,"No"
2692,"No"
1543,"No"
1579,"No"
2471,"No"
2010,"No"
2533,"Yes"
1611,"No"
1023,"No"
123,"No"
2881,"Yes"
2228,"Yes"
2061,"No"
1097,"No"
769,"No"
1848,"Yes"
2820,"Yes"
2583,"No"
1867,"No"
2884,"No"
2201,"No"
1038,"Yes"
869,"Yes"
2567,"No"
2979,"No"
2717,"Yes"
238,"Yes"
606,"No"
2802,"Yes"
503,"No"
2022,"No"
1100,"No"
2073,"Yes"
2251,"No"
1140,"No"
1530,"No"
198,"No"
141,"No"
355,"Yes"
139,"No"
1903,"No"
359,"No"
2074,"No"
1763,"No"
538,"No"
689,"Yes"
905,"No"
1222,"Yes"
2279,"No"
1832,"No"
2656,"No"
1322,"Yes"
1533,"No"
1130,"No"
405,"No"
1435,"No"
2699,"Yes"
2685,"Yes"
2192,"Yes"
553,"No"
119,"Yes"
1340,"Yes"
929,"No"
2971,"No"
779,"Yes"
2410,"Yes"
2469,"No"
976,"Yes"
2033,"No"
2945,"No"
289,"No"
2610,"No"
1801,"No"
165,"No"
2935,"No"
650,"No"
695,"Yes"
1487,"Yes"
2736,"No"
63,"Yes"
2763,"No"
2951,"No"
1869,"Yes"
2451,"No"
1412,"Yes"
2174,"No"
1449,"No"
860,"No"
1821,"No"
939,"Yes"
131,"No"
256,"Yes"
2542,"No"
2853,"Yes"
1312,"Yes"
73,"No"
1652,"Yes"
1393,"No"
1552,"No"
1410,"No"
514,"No"
65,"No"
301,"Yes"
2001,"No"
2312,"Yes"
396,"No"
1520,"Yes"
2190,"No"
1586,"No"
2360,"No"
2906,"Yes"
1915,"No"
93,"No"
1258,"Yes"
167,"No"
2051,"No"
2988,"Yes"
1133,"Yes"
1281,"Yes"
19,"No"
33,"Yes"
1483,"Yes"
2111,"No"
802,"No"
1383,"No"
864,"No"
1843,"No"
181,"No"
2069,"No"
1054,"Yes"
496,"Yes"
2395,"Yes"
103,"No"
291,"No"
1606,"No"
1248,"Yes"
486,"Yes"
639,"No"
1172,"No"
347,"No"
1493,"Yes"
1430,"No"
1440,"Yes"
485,"No"
1939,"No"
300,"Yes"
2814,"No"
2283,"No"
1977,"Yes"
2834,"Yes"
2804,"Yes"
2913,"No"
1085,"No"
2982,"Yes"
1654,"No"
1124,"No"
2844,"Yes"
580,"Yes"
2220,"Yes"
1040,"Yes"
64,"No"
2885,"No"
968,"Yes"
2944,"No"
327,"Yes"
319,"No"
1033,"No"
2572,"No"
460,"No"
2143,"No"
1277,"No"
454,"Yes"
85,"Yes"
562,"No"
817,"Yes"
1917,"Yes"
2942,"No"
1512,"No"
2125,"Yes"
2273,"No"
1971,"No"
2749,"No"
2089,"Yes"
1973,"No"
2405,"No"
2941,"Yes"
2810,"Yes"
2674,"No"
642,"Yes"
1789,"No"
559,"No"
532,"Yes"
302,"Yes"
1778,"No"
1264,"Yes"
13,"No"
1492,"No"
583,"Yes"
1342,"No"
674,"Yes"
1818,"No"
60,"No"
346,"No"
1457,"No"
2488,"Yes"
691,"Yes"
564,"Yes"
1592,"Yes"
1882,"No"
623,"No"
2132,"No"
1733,"No"
1720,"Yes"
2247,"Yes"
1055,"No"
871,"No"
1025,"No"
1786,"No"
344,"No"
1729,"Yes"
984,"Yes"
787,"No"
1717,"Yes"
1041,"Yes"
2007,"No"
2668,"No"
2819,"Yes"
477,"Yes"
1001,"No"
317,"Yes"
2064,"Yes"
644,"Yes"
402,"No"
1360,"No"
818,"Yes"
1207,"Yes"
2762,"No"
1711,"No"
2165,"Yes"
1919,"No"
1578,"Yes"
545,"Yes"
822,"Yes"
111,"No"
76,"No"
1246,"No"
47,"No"
2117,"No"
594,"No"
2774,"No"
1547,"No"
789,"No"
1762,"Yes"
2079,"No"
587,"No"
370,"No"
2921,"No"
2760,"No"
2882,"No"
2657,"No"
2510,"No"
36,"Yes"
2781,"No"
381,"No"
323,"No"
834,"No"
2320,"No"
480,"No"
2671,"Yes"
1381,"No"
981,"No"
2306,"Yes"
2932,"No"
1190,"No"
544,"No"
2324,"No"
536,"No"
1981,"Yes"
2761,"No"
1225,"No"
1280,"No"
838,"No"
1299,"No"
2440,"Yes"
881,"Yes"
1873,"Yes"
682,"No"
625,"Yes"
2189,"Yes"
1369,"No"
2088,"No"
747,"Yes"
2633,"No"
2127,"No"
21,"No"
2934,"No"
478,"No"
12,"Yes"
2943,"No"
189,"Yes"
1400,"Yes"
2919,"No"
2901,"No"
1162,"No"
2745,"No"
2272,"Yes"
2835,"No"
669,"No"
2397,"No"
2171,"Yes"
1226,"No"
2601,"No"
2302,"No"
1572,"Yes"
1936,"Yes"
1110,"No"
1018,"No"
1387,"Yes"
1504,"No"
2594,"No"
1857,"No"
363,"No"
387,"Yes"
862,"No"
1488,"No"
2020,"No"
2184,"No"
843,"Yes"
1601,"No"
146,"No"
2424,"No"
1991,"No"
2367,"No"
1448,"No"
1673,"No"
2149,"Yes"
1897,"No"
1730,"No"
1384,"Yes"
2799,"No"
218,"No"
906,"No"
849,"No"
2857,"No"
919,"No"
1666,"No"
279,"Yes"
2377,"No"
2974,"Yes"
1224,"No"
2790,"No"
192,"Yes"
461,"No"
2690,"No"
2104,"No"
867,"Yes"
2221,"No"
2444,"No"
28,"No"
2185,"No"
1142,"Yes"
