"ID","Exited"
1836,"Yes"
1935,"Yes"
716,"Yes"
1564,"Yes"
2631,"Yes"
1308,"Yes"
1781,"No"
322,"Yes"
1413,"Yes"
719,"Yes"
1894,"Yes"
2593,"Yes"
2093,"Yes"
2146,"No"
1354,"Yes"
1644,"Yes"
1392,"No"
1460,"No"
1513,"Yes"
390,"Yes"
2461,"Yes"
135,"Yes"
1831,"Yes"
883,"Yes"
786,"No"
1217,"No"
1466,"Yes"
409,"Yes"
2396,"No"
835,"Yes"
1627,"No"
476,"No"
591,"Yes"
964,"Yes"
988,"No"
892,"No"
1742,"No"
2398,"Yes"
428,"No"
1425,"Yes"
2903,"Yes"
930,"Yes"
1068,"No"
1554,"Yes"
379,"Yes"
2933,"Yes"
671,"Yes"
2547,"Yes"
676,"No"
377,"Yes"
2566,"Yes"
312,"Yes"
1511,"No"
2634,"Yes"
854,"No"
2597,"Yes"
870,"No"
267,"Yes"
1255,"Yes"
792,"Yes"
1860,"No"
993,"Yes"
2852,"No"
158,"Yes"
452,"No"
590,"Yes"
2777,"No"
750,"Yes"
69,"No"
1780,"No"
1056,"No"
2653,"Yes"
1396,"Yes"
2732,"No"
1385,"Yes"
548,"No"
2472,"Yes"
1310,"Yes"
2673,"Yes"
1251,"No"
2916,"No"
853,"No"
1490,"Yes"
2249,"Yes"
1874,"Yes"
212,"Yes"
2754,"Yes"
2255,"Yes"
2886,"Yes"
1320,"Yes"
2700,"Yes"
2173,"Yes"
602,"Yes"
2448,"Yes"
1901,"Yes"
2481,"Yes"
851,"Yes"
2666,"Yes"
598,"Yes"
1323,"Yes"
1351,"No"
2492,"Yes"
555,"Yes"
1670,"Yes"
967,"No"
2178,"Yes"
2490,"Yes"
2326,"No"
1047,"Yes"
1663,"Yes"
928,"Yes"
1069,"Yes"
634,"No"
1937,"No"
1445,"Yes"
2148,"No"
1341,"No"
1452,"No"
1495,"Yes"
2275,"Yes"
2019,"No"
951,"No"
865,"Yes"
2787,"No"
2849,"Yes"
199,"Yes"
701,"Yes"
950,"No"
2154,"Yes"
48,"Yes"
1879,"Yes"
592,"Yes"
2240,"Yes"
11,"Yes"
159,"Yes"
1359,"No"
2788,"Yes"
2028,"Yes"
1619,"Yes"
2678,"Yes"
2744,"Yes"
237,"Yes"
940,"Yes"
2090,"No"
1470,"No"
2890,"Yes"
645,"Yes"
152,"No"
324,"No"
2040,"Yes"
762,"No"
1123,"Yes"
712,"Yes"
1184,"Yes"
2489,"No"
2303,"Yes"
2112,"Yes"
757,"Yes"
657,"Yes"
459,"No"
797,"Yes"
1551,"Yes"
2357,"Yes"
388,"Yes"
1081,"No"
2764,"No"
2086,"Yes"
2413,"Yes"
1951,"Yes"
510,"No"
2727,"Yes"
1233,"Yes"
321,"Yes"
1783,"Yes"
2996,"No"
2026,"Yes"
350,"Yes"
1349,"Yes"
408,"Yes"
1480,"No"
2629,"Yes"
1422,"Yes"
2008,"No"
1105,"No"
1621,"Yes"
1557,"Yes"
2037,"No"
1563,"No"
453,"Yes"
2559,"No"
791,"Yes"
1651,"No"
1271,"Yes"
1284,"Yes"
2651,"No"
2000,"Yes"
464,"No"
467,"Yes"
1331,"Yes"
927,"Yes"
1837,"Yes"
557,"Yes"
727,"No"
1893,"No"
2412,"No"
1960,"No"
1963,"Yes"
2867,"Yes"
2060,"Yes"
231,"No"
2368,"No"
113,"Yes"
1333,"No"
2689,"No"
1205,"No"
1754,"No"
2429,"No"
859,"Yes"
2855,"Yes"
2176,"Yes"
694,"Yes"
298,"Yes"
2917,"Yes"
397,"Yes"
2135,"Yes"
1066,"Yes"
1408,"No"
696,"Yes"
539,"Yes"
1655,"Yes"
1394,"No"
2746,"Yes"
2713,"Yes"
2383,"Yes"
1782,"Yes"
116,"Yes"
561,"No"
1875,"Yes"
2923,"No"
2458,"Yes"
1826,"Yes"
2546,"No"
49,"Yes"
91,"Yes"
2953,"No"
1347,"Yes"
306,"Yes"
519,"No"
1514,"Yes"
1521,"Yes"
1911,"Yes"
2848,"Yes"
2702,"Yes"
204,"Yes"
157,"Yes"
61,"No"
1344,"No"
1153,"Yes"
504,"Yes"
2205,"No"
1131,"Yes"
1319,"No"
2207,"No"
1858,"Yes"
953,"No"
2068,"Yes"
1839,"Yes"
1921,"Yes"
2418,"Yes"
946,"Yes"
2270,"Yes"
403,"Yes"
1980,"No"
923,"Yes"
756,"No"
2696,"No"
2092,"No"
191,"Yes"
4,"No"
77,"No"
2786,"No"
277,"Yes"
97,"Yes"
2866,"No"
911,"Yes"
1022,"Yes"
90,"Yes"
2400,"Yes"
2384,"Yes"
961,"Yes"
2392,"Yes"
2623,"Yes"
2322,"No"
2553,"Yes"
2381,"Yes"
1908,"Yes"
2537,"Yes"
250,"Yes"
2452,"Yes"
1675,"Yes"
1099,"Yes"
331,"Yes"
427,"Yes"
2960,"Yes"
1165,"Yes"
2869,"Yes"
914,"No"
717,"Yes"
38,"No"
2330,"Yes"
2199,"Yes"
190,"Yes"
751,"No"
448,"Yes"
2267,"Yes"
2282,"Yes"
2196,"Yes"
2609,"No"
37,"Yes"
2038,"Yes"
2818,"No"
1602,"No"
896,"No"
910,"Yes"
2755,"Yes"
2586,"Yes"
1419,"Yes"
980,"Yes"
1353,"Yes"
1447,"No"
273,"Yes"
2151,"Yes"
820,"Yes"
1167,"Yes"
1459,"Yes"
1316,"No"
1050,"Yes"
785,"No"
702,"Yes"
1318,"Yes"
391,"Yes"
2793,"No"
653,"Yes"
774,"Yes"
1634,"Yes"
2428,"Yes"
2815,"Yes"
1576,"Yes"
2425,"Yes"
638,"No"
2169,"Yes"
2811,"Yes"
2065,"Yes"
1156,"Yes"
276,"No"
2622,"Yes"
1250,"Yes"
1638,"Yes"
2627,"Yes"
1268,"Yes"
1580,"Yes"
1811,"Yes"
1087,"No"
364,"Yes"
2043,"Yes"
1753,"No"
733,"Yes"
315,"No"
2055,"No"
2545,"Yes"
2403,"Yes"
2361,"Yes"
2321,"Yes"
2994,"No"
2078,"Yes"
1823,"No"
1352,"Yes"
1806,"No"
1270,"Yes"
1093,"Yes"
2261,"No"
1191,"Yes"
3,"Yes"
605,"Yes"
2123,"Yes"
2404,"No"
151,"Yes"
494,"Yes"
2565,"Yes"
2402,"Yes"
491,"No"
1665,"Yes"
292,"Yes"
2691,"Yes"
130,"Yes"
2447,"No"
763,"Yes"
2355,"No"
1468,"Yes"
604,"Yes"
2557,"No"
1372,"No"
2464,"No"
2137,"No"
490,"Yes"
2124,"No"
2752,"Yes"
2679,"No"
626,"Yes"
752,"Yes"
1391,"Yes"
1659,"Yes"
1441,"No"
1231,"No"
484,"Yes"
2938,"Yes"
2966,"Yes"
2728,"No"
1649,"Yes"
913,"No"
808,"Yes"
1816,"Yes"
534,"No"
2167,"Yes"
2441,"No"
2288,"Yes"
1052,"No"
1715,"Yes"
169,"No"
2409,"No"
698,"Yes"
935,"Yes"
1161,"Yes"
2875,"No"
1662,"Yes"
2530,"No"
622,"Yes"
1146,"Yes"
1406,"Yes"
1,"Yes"
443,"No"
945,"Yes"
2129,"Yes"
570,"Yes"
416,"Yes"
2523,"Yes"
1346,"Yes"
1709,"Yes"
343,"No"
977,"No"
2701,"Yes"
1726,"Yes"
2457,"Yes"
1658,"Yes"
1008,"Yes"
861,"No"
1289,"Yes"
2366,"No"
2304,"No"
1109,"Yes"
1149,"No"
1442,"Yes"
652,"Yes"
944,"Yes"
2769,"Yes"
1269,"Yes"
1196,"Yes"
1163,"No"
2459,"No"
1913,"Yes"
2660,"Yes"
1571,"Yes"
2630,"Yes"
806,"Yes"
414,"Yes"
1881,"No"
1382,"No"
2639,"No"
925,"Yes"
1028,"Yes"
632,"No"
1179,"Yes"
316,"Yes"
1456,"Yes"
529,"Yes"
1585,"Yes"
722,"No"
338,"Yes"
56,"Yes"
2393,"Yes"
208,"Yes"
166,"No"
101,"Yes"
885,"Yes"
888,"Yes"
1699,"No"
678,"Yes"
2950,"Yes"
2259,"Yes"
205,"Yes"
353,"Yes"
1212,"No"
2993,"Yes"
1479,"Yes"
1707,"Yes"
613,"No"
998,"No"
2862,"Yes"
2860,"No"
636,"No"
1954,"Yes"
2789,"Yes"
2066,"Yes"
714,"Yes"
1922,"Yes"
2339,"Yes"
2850,"No"
482,"Yes"
2600,"Yes"
2644,"Yes"
239,"Yes"
2002,"No"
473,"Yes"
965,"No"
179,"No"
887,"Yes"
576,"Yes"
599,"Yes"
2893,"No"
1236,"Yes"
1528,"Yes"
1684,"Yes"
1798,"Yes"
1024,"Yes"
1117,"Yes"
1292,"Yes"
2803,"No"
1089,"Yes"
1687,"No"
2513,"No"
718,"Yes"
1332,"Yes"
732,"No"
1773,"Yes"
734,"Yes"
1740,"No"
2997,"Yes"
2635,"Yes"
850,"No"
2110,"Yes"
1928,"Yes"
2605,"Yes"
2316,"Yes"
2256,"Yes"
1852,"Yes"
1664,"Yes"
395,"Yes"
1305,"Yes"
618,"Yes"
2642,"No"
495,"Yes"
2645,"Yes"
831,"No"
129,"No"
731,"Yes"
384,"Yes"
646,"No"
2939,"Yes"
846,"Yes"
1607,"Yes"
259,"Yes"
2636,"Yes"
1999,"Yes"
764,"No"
2838,"Yes"
100,"Yes"
2372,"Yes"
70,"Yes"
1989,"No"
1545,"Yes"
2863,"Yes"
1952,"No"
1377,"No"
2362,"No"
739,"No"
1641,"Yes"
515,"No"
1861,"Yes"
1014,"Yes"
216,"Yes"
1817,"Yes"
542,"No"
78,"Yes"
2870,"Yes"
852,"Yes"
2474,"Yes"
1535,"No"
1039,"Yes"
2831,"Yes"
2244,"Yes"
1559,"Yes"
386,"No"
2894,"No"
1685,"No"
845,"Yes"
672,"Yes"
1416,"No"
654,"No"
214,"Yes"
1287,"No"
788,"Yes"
2460,"Yes"
2509,"No"
723,"No"
2986,"Yes"
2417,"Yes"
1139,"Yes"
2549,"No"
221,"Yes"
1174,"Yes"
497,"No"
2872,"Yes"
2723,"No"
2329,"No"
552,"Yes"
1647,"Yes"
2374,"Yes"
1739,"Yes"
22,"Yes"
1243,"Yes"
2181,"Yes"
2016,"Yes"
2520,"Yes"
1176,"No"
509,"Yes"
2487,"No"
2147,"Yes"
890,"Yes"
182,"No"
2590,"No"
697,"Yes"
799,"Yes"
136,"Yes"
524,"Yes"
2737,"No"
1906,"Yes"
2160,"Yes"
2264,"Yes"
83,"Yes"
2710,"Yes"
1942,"Yes"
2854,"Yes"
2654,"Yes"
1628,"Yes"
2581,"Yes"
2387,"Yes"
2611,"Yes"
1112,"No"
2954,"No"
44,"No"
942,"Yes"
2958,"Yes"
2379,"No"
1114,"Yes"
2528,"No"
2912,"No"
1517,"No"
2602,"Yes"
1642,"Yes"
2375,"No"
1343,"Yes"
1856,"Yes"
957,"No"
728,"No"
879,"Yes"
1027,"Yes"
1914,"No"
1746,"Yes"
2299,"No"
893,"Yes"
404,"No"
547,"Yes"
1975,"Yes"
995,"Yes"
1472,"Yes"
798,"Yes"
1020,"Yes"
1475,"Yes"
1600,"Yes"
1769,"Yes"
2922,"Yes"
2940,"Yes"
373,"Yes"
2536,"Yes"
2415,"No"
1846,"Yes"
2309,"Yes"
2655,"Yes"
1994,"Yes"
1211,"Yes"
782,"Yes"
1682,"No"
884,"Yes"
18,"Yes"
2453,"Yes"
2659,"No"
1532,"No"
894,"Yes"
1375,"No"
366,"No"
287,"Yes"
1527,"No"
1583,"No"
1296,"Yes"
2658,"No"
466,"No"
1853,"No"
2035,"No"
1208,"No"
969,"Yes"
1796,"No"
1177,"No"
1043,"No"
667,"Yes"
2045,"Yes"
2237,"No"
1833,"Yes"
1075,"Yes"
2992,"Yes"
2661,"No"
1609,"Yes"
410,"Yes"
1471,"Yes"
1674,"No"
2340,"No"
68,"Yes"
2352,"Yes"
1201,"Yes"
2664,"No"
2711,"Yes"
773,"Yes"
2589,"Yes"
34,"No"
631,"Yes"
684,"Yes"
2226,"No"
361,"Yes"
608,"No"
2748,"Yes"
2296,"Yes"
2570,"Yes"
1686,"Yes"
2676,"Yes"
1519,"Yes"
1267,"Yes"
1467,"Yes"
1016,"Yes"
1784,"Yes"
1398,"Yes"
1542,"No"
127,"Yes"
1242,"No"
2214,"No"
2350,"Yes"
907,"Yes"
1283,"Yes"
740,"Yes"
337,"No"
2534,"Yes"
2929,"No"
855,"Yes"
857,"Yes"
1210,"No"
470,"Yes"
1071,"Yes"
1680,"Yes"
2394,"No"
1548,"Yes"
1426,"Yes"
1834,"No"
2683,"Yes"
978,"No"
2253,"Yes"
1240,"Yes"
1949,"No"
2242,"No"
630,"No"
829,"Yes"
2765,"Yes"
382,"Yes"
1582,"No"
1637,"Yes"
516,"Yes"
132,"Yes"
1144,"No"
307,"Yes"
841,"No"
2386,"No"
2217,"No"
356,"No"
1350,"Yes"
1865,"Yes"
1315,"No"
2353,"No"
66,"Yes"
308,"Yes"
597,"Yes"
2027,"No"
213,"No"
2245,"Yes"
1026,"Yes"
1598,"No"
88,"Yes"
2957,"No"
1828,"Yes"
1932,"Yes"
575,"Yes"
207,"No"
1900,"Yes"
1404,"Yes"
1338,"No"
813,"Yes"
2904,"Yes"
2569,"Yes"
2241,"Yes"
224,"Yes"
726,"Yes"
2895,"No"
1373,"Yes"
442,"Yes"
431,"Yes"
517,"Yes"
1321,"No"
294,"Yes"
903,"Yes"
2230,"No"
1667,"Yes"
1293,"Yes"
1155,"Yes"
325,"No"
746,"Yes"
2004,"No"
274,"Yes"
915,"No"
413,"No"
573,"Yes"
1090,"Yes"
1335,"No"
1427,"No"
1541,"Yes"
2511,"No"
137,"No"
970,"Yes"
1402,"Yes"
2784,"Yes"
1088,"Yes"
74,"No"
1640,"Yes"
2115,"No"
425,"Yes"
1889,"Yes"
424,"No"
2018,"No"
2144,"No"
203,"Yes"
1101,"Yes"
2839,"Yes"
898,"Yes"
1241,"Yes"
2161,"Yes"
1537,"No"
856,"Yes"
51,"No"
1925,"No"
620,"Yes"
1507,"Yes"
2164,"Yes"
352,"No"
2080,"Yes"
1051,"Yes"
186,"Yes"
1013,"No"
271,"No"
25,"No"
1029,"Yes"
2779,"No"
426,"Yes"
2331,"No"
1365,"Yes"
952,"No"
469,"No"
2034,"Yes"
2517,"Yes"
628,"No"
1760,"No"
2096,"Yes"
1716,"Yes"
1741,"Yes"
1403,"No"
2598,"Yes"
873,"Yes"
2540,"Yes"
649,"Yes"
2751,"Yes"
1132,"Yes"
1945,"Yes"
1374,"Yes"
1737,"No"
2946,"Yes"
419,"No"
1992,"Yes"
637,"Yes"
2716,"Yes"
1708,"Yes"
2233,"No"
230,"Yes"
1700,"Yes"
2408,"Yes"
2470,"Yes"
2349,"Yes"
233,"Yes"
1084,"Yes"
2837,"No"
2564,"No"
2694,"Yes"
520,"Yes"
2680,"No"
1111,"Yes"
2219,"Yes"
1909,"Yes"
502,"Yes"
772,"Yes"
253,"Yes"
1121,"Yes"
1761,"No"
1793,"No"
900,"Yes"
839,"No"
2059,"Yes"
1854,"No"
2071,"Yes"
2571,"No"
673,"Yes"
1168,"No"
931,"Yes"
2688,"Yes"
1007,"No"
211,"No"
655,"No"
2062,"Yes"
2552,"Yes"
2195,"No"
675,"Yes"
458,"Yes"
1876,"Yes"
2603,"Yes"
2047,"No"
1691,"No"
2768,"Yes"
584,"No"
2822,"Yes"
2578,"No"
2391,"Yes"
2058,"Yes"
1987,"Yes"
2675,"Yes"
27,"Yes"
974,"No"
578,"No"
2432,"Yes"
1978,"Yes"
2729,"Yes"
385,"No"
2155,"Yes"
2883,"Yes"
1538,"Yes"
908,"No"
2281,"Yes"
1719,"Yes"
1498,"Yes"
629,"Yes"
1775,"Yes"
2924,"Yes"
1401,"No"
633,"Yes"
2936,"Yes"
1006,"Yes"
924,"Yes"
2842,"Yes"
163,"Yes"
2584,"Yes"
2211,"Yes"
392,"Yes"
1959,"Yes"
2157,"Yes"
2294,"Yes"
2999,"Yes"
194,"Yes"
1891,"No"
2743,"Yes"
651,"No"
1064,"Yes"
1157,"Yes"
1433,"No"
2298,"Yes"
1500,"Yes"
2003,"No"
2399,"No"
2824,"Yes"
2682,"Yes"
102,"Yes"
138,"Yes"
882,"Yes"
40,"No"
2747,"Yes"
242,"No"
2083,"Yes"
2082,"Yes"
2796,"No"
340,"Yes"
2529,"Yes"
451,"Yes"
2843,"Yes"
1063,"Yes"
661,"Yes"
2825,"No"
1929,"Yes"
877,"Yes"
1567,"Yes"
2739,"Yes"
2213,"Yes"
794,"No"
154,"Yes"
2258,"No"
1417,"Yes"
1824,"No"
2422,"Yes"
462,"Yes"
2338,"No"
2956,"Yes"
771,"No"
627,"No"
1718,"Yes"
1985,"Yes"
2373,"Yes"
2524,"No"
1632,"Yes"
2558,"Yes"
1072,"Yes"
1810,"Yes"
647,"Yes"
2462,"No"
2406,"Yes"
2892,"No"
283,"No"
2106,"No"
2359,"Yes"
2670,"Yes"
1379,"No"
225,"Yes"
2897,"No"
1690,"Yes"
1851,"Yes"
2851,"Yes"
1499,"No"
2965,"No"
973,"Yes"
569,"No"
92,"No"
1107,"Yes"
619,"Yes"
1366,"Yes"
2354,"Yes"
342,"Yes"
2551,"Yes"
280,"Yes"
2823,"Yes"
290,"Yes"
1223,"Yes"
2733,"Yes"
2735,"No"
2315,"Yes"
2792,"Yes"
1838,"No"
2715,"Yes"
1702,"No"
1276,"Yes"
1574,"Yes"
1355,"Yes"
541,"Yes"
1880,"No"
972,"Yes"
556,"Yes"
1656,"Yes"
1046,"Yes"
227,"Yes"
26,"No"
2108,"Yes"
2284,"Yes"
46,"Yes"
1772,"Yes"
1964,"Yes"
2506,"Yes"
2840,"No"
525,"Yes"
2182,"Yes"
2976,"Yes"
2575,"Yes"
2930,"Yes"
107,"Yes"
983,"No"
422,"Yes"
2812,"No"
1065,"No"
1481,"No"
10,"Yes"
916,"Yes"
568,"Yes"
2419,"Yes"
1827,"Yes"
1771,"Yes"
1734,"Yes"
293,"No"
2014,"Yes"
975,"No"
2099,"No"
1249,"Yes"
1304,"No"
1330,"Yes"
217,"No"
67,"Yes"
2541,"Yes"
2009,"Yes"
501,"Yes"
1300,"Yes"
2880,"Yes"
234,"Yes"
994,"Yes"
1725,"Yes"
780,"Yes"
2188,"Yes"
1522,"No"
1593,"Yes"
1186,"No"
421,"Yes"
1094,"No"
87,"Yes"
1802,"No"
269,"Yes"
826,"Yes"
164,"Yes"
2494,"No"
1681,"Yes"
1529,"No"
2816,"Yes"
447,"Yes"
1584,"Yes"
160,"No"
1415,"Yes"
1799,"No"
82,"Yes"
941,"Yes"
383,"No"
2484,"Yes"
658,"Yes"
1870,"Yes"
2423,"Yes"
430,"No"
1317,"No"
260,"No"
959,"Yes"
1568,"No"
376,"Yes"
1145,"Yes"
2084,"Yes"
1866,"Yes"
1887,"Yes"
966,"Yes"
1830,"No"
2197,"Yes"
2554,"No"
1214,"Yes"
2500,"Yes"
2596,"No"
180,"Yes"
1195,"No"
2502,"Yes"
2463,"No"
1279,"Yes"
328,"Yes"
1588,"No"
1745,"No"
1955,"Yes"
2337,"Yes"
1803,"No"
2141,"No"
2925,"Yes"
2005,"No"
1626,"Yes"
2483,"Yes"
1872,"Yes"
2861,"Yes"
2550,"Yes"
707,"Yes"
1265,"Yes"
2568,"Yes"
670,"No"
41,"Yes"
721,"No"
2955,"Yes"
1701,"Yes"
268,"Yes"
206,"No"
351,"Yes"
1979,"Yes"
2544,"No"
2577,"Yes"
118,"Yes"
615,"No"
2493,"Yes"
2775,"Yes"
2290,"No"
2246,"Yes"
1930,"Yes"
1151,"No"
1147,"Yes"
1777,"No"
1766,"Yes"
2647,"Yes"
2648,"No"
1037,"No"
2580,"No"
16,"Yes"
1329,"No"
275,"No"
2948,"Yes"
1234,"Yes"
1570,"Yes"
2876,"Yes"
1209,"Yes"
1119,"No"
1815,"Yes"
2271,"No"
821,"No"
895,"No"
937,"Yes"
115,"No"
1256,"Yes"
917,"No"
2614,"No"
2482,"Yes"
1757,"Yes"
1378,"Yes"
1972,"Yes"
1630,"Yes"
2102,"Yes"
1368,"Yes"
2121,"Yes"
354,"Yes"
2646,"No"
1947,"No"
2095,"Yes"
1044,"Yes"
2833,"Yes"
2604,"No"
341,"Yes"
1759,"No"
1883,"No"
1516,"Yes"
1676,"Yes"
2426,"Yes"
1974,"No"
1376,"No"
1494,"No"
938,"Yes"
2163,"Yes"
2145,"Yes"
1414,"Yes"
7,"Yes"
1259,"Yes"
1159,"No"
1934,"No"
660,"Yes"
2782,"Yes"
1502,"Yes"
1566,"No"
804,"No"
2371,"No"
872,"Yes"
2376,"Yes"
685,"Yes"
2036,"Yes"
2961,"Yes"
2063,"Yes"
1814,"Yes"
2579,"Yes"
2770,"Yes"
2138,"Yes"
282,"No"
1624,"Yes"
909,"Yes"
2265,"Yes"
2753,"No"
2446,"Yes"
1095,"Yes"
1752,"No"
1990,"No"
249,"No"
444,"No"
2721,"Yes"
876,"Yes"
2973,"Yes"
901,"Yes"
2085,"Yes"
1898,"Yes"
1253,"Yes"
1669,"Yes"
1328,"Yes"
1692,"Yes"
313,"Yes"
989,"No"
1306,"Yes"
369,"No"
2947,"Yes"
262,"No"
2015,"Yes"
2977,"Yes"
2507,"Yes"
1722,"Yes"
2232,"No"
1723,"No"
1451,"Yes"
527,"Yes"
2103,"Yes"
2295,"Yes"
435,"Yes"
5,"No"
439,"Yes"
1080,"Yes"
258,"Yes"
1476,"No"
2198,"No"
784,"No"
1678,"Yes"
2621,"No"
326,"Yes"
1336,"No"
1961,"Yes"
1086,"Yes"
2427,"Yes"
156,"No"
743,"Yes"
1005,"Yes"
596,"Yes"
1202,"Yes"
912,"No"
24,"Yes"
2624,"No"
357,"Yes"
1461,"Yes"
2140,"Yes"
1257,"Yes"
333,"No"
1561,"Yes"
185,"Yes"
2286,"Yes"
2202,"Yes"
2989,"No"
263,"Yes"
2380,"No"
1263,"Yes"
954,"Yes"
94,"Yes"
1036,"Yes"
1345,"Yes"
593,"Yes"
1437,"No"
1855,"Yes"
2476,"Yes"
2223,"Yes"
2052,"No"
2918,"Yes"
2757,"Yes"
2968,"No"
986,"Yes"
2503,"No"
2466,"Yes"
662,"Yes"
1820,"No"
2543,"No"
1424,"No"
1060,"Yes"
86,"No"
1170,"Yes"
1125,"Yes"
1927,"Yes"
2791,"Yes"
161,"No"
2899,"Yes"
1160,"Yes"
2266,"No"
2044,"No"
2625,"No"
2158,"Yes"
2172,"Yes"
926,"Yes"
2194,"Yes"
1787,"Yes"
1199,"Yes"
2911,"No"
640,"Yes"
1577,"No"
2734,"Yes"
488,"No"
2133,"Yes"
1916,"Yes"
1885,"No"
1695,"Yes"
2486,"Yes"
985,"Yes"
962,"Yes"
2175,"Yes"
2,"Yes"
1553,"Yes"
2206,"Yes"
1254,"Yes"
1788,"Yes"
1193,"No"
725,"Yes"
1274,"Yes"
173,"Yes"
949,"Yes"
1175,"Yes"
2931,"Yes"
2868,"No"
1194,"Yes"
121,"Yes"
1103,"Yes"
2118,"Yes"
1613,"Yes"
1286,"Yes"
824,"Yes"
1727,"No"
1970,"No"
286,"Yes"
2116,"Yes"
1603,"Yes"
2454,"Yes"
1967,"Yes"
1703,"Yes"
2705,"No"
2501,"No"
1496,"No"
1150,"Yes"
272,"Yes"
1774,"Yes"
2332,"Yes"
1767,"Yes"
2319,"Yes"
1871,"Yes"
2442,"Yes"
2465,"No"
554,"No"
1604,"Yes"
437,"Yes"
1418,"Yes"
2910,"Yes"
406,"Yes"
1273,"Yes"
2348,"Yes"
498,"Yes"
823,"No"
200,"Yes"
471,"Yes"
1842,"Yes"
1864,"No"
215,"No"
1539,"Yes"
1434,"Yes"
2830,"Yes"
2628,"No"
1443,"Yes"
612,"No"
1221,"Yes"
2704,"No"
362,"No"
549,"Yes"
2113,"Yes"
1953,"No"
2617,"Yes"
109,"No"
2794,"No"
713,"Yes"
2389,"Yes"
1285,"Yes"
809,"Yes"
1122,"Yes"
2722,"Yes"
2313,"No"
1135,"No"
128,"Yes"
899,"No"
783,"No"
1262,"Yes"
1034,"Yes"
775,"No"
1946,"Yes"
2385,"No"
2526,"Yes"
1614,"No"
1645,"Yes"
1825,"No"
2430,"Yes"
2608,"Yes"
603,"Yes"
1136,"Yes"
530,"No"
2927,"Yes"
2236,"Yes"
2874,"No"
753,"Yes"
776,"Yes"
2514,"Yes"
2450,"Yes"
1950,"Yes"
105,"Yes"
2731,"Yes"
1238,"Yes"
59,"Yes"
2305,"No"
665,"Yes"
2697,"Yes"
1290,"No"
368,"Yes"
1829,"Yes"
1171,"Yes"
611,"No"
528,"Yes"
2076,"Yes"
2827,"Yes"
2515,"Yes"
2081,"Yes"
2433,"Yes"
2130,"Yes"
2724,"No"
264,"Yes"
2109,"Yes"
2388,"No"
456,"Yes"
2516,"No"
2612,"No"
616,"Yes"
922,"Yes"
2347,"Yes"
210,"Yes"
2878,"Yes"
2795,"Yes"
2042,"Yes"
2434,"Yes"
1785,"Yes"
1464,"Yes"
2407,"Yes"
2959,"Yes"
1595,"No"
2187,"Yes"
1850,"Yes"
1409,"No"
80,"Yes"
1405,"Yes"
1252,"Yes"
2637,"No"
738,"No"
2967,"No"
1983,"Yes"
1868,"Yes"
188,"Yes"
1291,"Yes"
339,"Yes"
2170,"Yes"
1599,"Yes"
2072,"Yes"
305,"Yes"
1779,"Yes"
1841,"No"
1298,"No"
1229,"Yes"
1399,"Yes"
457,"No"
2826,"Yes"
2888,"Yes"
1062,"Yes"
241,"Yes"
1477,"Yes"
1116,"Yes"
1688,"Yes"
551,"Yes"
1549,"Yes"
1178,"No"
1497,"No"
1805,"Yes"
2800,"No"
1004,"Yes"
1478,"No"
842,"Yes"
8,"No"
1407,"No"
704,"Yes"
2333,"Yes"
1807,"No"
1465,"No"
2560,"No"
2345,"No"
1962,"No"
1348,"Yes"
1049,"Yes"
1303,"No"
1204,"Yes"
1941,"Yes"
511,"Yes"
2497,"Yes"
505,"Yes"
2937,"Yes"
349,"Yes"
1525,"No"
2356,"No"
15,"Yes"
2401,"Yes"
1721,"No"
378,"Yes"
393,"Yes"
1278,"Yes"
1048,"Yes"
2521,"Yes"
2773,"Yes"
1633,"Yes"
832,"No"
400,"Yes"
150,"Yes"
1534,"No"
711,"Yes"
566,"Yes"
1622,"No"
358,"Yes"
512,"Yes"
441,"Yes"
2467,"Yes"
2555,"Yes"
243,"No"
1958,"Yes"
2606,"No"
2709,"Yes"
1200,"Yes"
2436,"Yes"
2902,"No"
2907,"No"
523,"Yes"
1508,"No"
1808,"Yes"
389,"Yes"
1115,"Yes"
2365,"No"
992,"Yes"
2750,"Yes"
2301,"Yes"
624,"No"
2638,"No"
904,"Yes"
1683,"Yes"
956,"Yes"
2152,"Yes"
42,"Yes"
2342,"Yes"
758,"Yes"
1011,"No"
1491,"Yes"
2308,"No"
943,"Yes"
1458,"Yes"
1933,"No"
521,"No"
2209,"Yes"
920,"No"
2681,"No"
2067,"Yes"
1453,"No"
1035,"No"
715,"No"
1712,"Yes"
2508,"Yes"
2006,"Yes"
571,"Yes"
1326,"No"
2981,"Yes"
1589,"Yes"
2238,"No"
1067,"Yes"
1556,"No"
2525,"Yes"
1993,"Yes"
1104,"Yes"
2548,"Yes"
531,"Yes"
1260,"Yes"
1182,"No"
2742,"Yes"
371,"No"
438,"No"
1220,"No"
394,"Yes"
1058,"Yes"
1015,"No"
1367,"Yes"
2327,"Yes"
2234,"Yes"
1791,"Yes"
142,"Yes"
89,"Yes"
162,"Yes"
699,"No"
1679,"Yes"
335,"Yes"
2783,"Yes"
2667,"No"
2411,"No"
558,"No"
2091,"Yes"
2766,"Yes"
228,"Yes"
252,"Yes"
1924,"Yes"
1896,"No"
432,"Yes"
1819,"Yes"
126,"Yes"
2587,"No"
2585,"No"
543,"No"
2485,"No"
2049,"Yes"
2285,"Yes"
1765,"Yes"
1907,"Yes"
2588,"Yes"
183,"Yes"
2607,"Yes"
1736,"Yes"
1587,"No"
1032,"Yes"
2859,"No"
2672,"Yes"
2263,"No"
692,"No"
2252,"No"
2504,"Yes"
1228,"Yes"
2499,"Yes"
2776,"No"
500,"Yes"
1660,"Yes"
170,"Yes"
1918,"Yes"
1432,"Yes"
708,"Yes"
2626,"No"
95,"Yes"
145,"Yes"
1698,"No"
1102,"Yes"
1617,"Yes"
761,"No"
2134,"Yes"
1421,"Yes"
2477,"No"
1389,"Yes"
1057,"Yes"
209,"No"
125,"Yes"
2669,"Yes"
2325,"No"
2204,"Yes"
585,"Yes"
1073,"Yes"
2031,"No"
1555,"Yes"
1079,"Yes"
508,"Yes"
79,"Yes"
810,"Yes"
1610,"No"
2865,"Yes"
790,"No"
765,"Yes"
814,"Yes"
565,"Yes"
2293,"Yes"
1812,"Yes"
9,"Yes"
483,"Yes"
499,"Yes"
2832,"Yes"
2640,"No"
2370,"No"
314,"Yes"
360,"No"
648,"No"
1158,"Yes"
2097,"Yes"
1380,"Yes"
2980,"Yes"
1758,"No"
2531,"No"
2720,"Yes"
2056,"Yes"
1420,"Yes"
1002,"Yes"
2972,"Yes"
827,"No"
760,"Yes"
261,"Yes"
641,"No"
2479,"Yes"
407,"No"
2665,"Yes"
730,"No"
1849,"Yes"
2421,"Yes"
2615,"Yes"
2343,"Yes"
1531,"Yes"
2900,"Yes"
1473,"Yes"
1905,"Yes"
1363,"Yes"
1813,"Yes"
1668,"Yes"
2291,"No"
30,"No"
2443,"Yes"
2730,"Yes"
122,"Yes"
2632,"No"
1747,"Yes"
1216,"Yes"
2643,"Yes"
245,"Yes"
2518,"No"
2126,"Yes"
1804,"Yes"
474,"No"
1800,"No"
285,"Yes"
934,"Yes"
2341,"No"
1809,"No"
921,"No"
1288,"Yes"
2952,"Yes"
2778,"Yes"
1235,"No"
1361,"Yes"
55,"No"
2618,"No"
229,"Yes"
2268,"No"
1325,"Yes"
2563,"No"
2225,"Yes"
304,"No"
800,"No"
2183,"No"
659,"Yes"
2677,"Yes"
889,"No"
897,"Yes"
147,"Yes"
2087,"No"
401,"No"
1237,"Yes"
1988,"Yes"
601,"No"
2703,"Yes"
936,"Yes"
681,"Yes"
2119,"No"
724,"Yes"
706,"No"
195,"Yes"
679,"Yes"
2964,"Yes"
680,"Yes"
902,"No"
582,"Yes"
2649,"Yes"
778,"Yes"
134,"Yes"
62,"Yes"
463,"No"
57,"Yes"
120,"Yes"
518,"No"
546,"Yes"
2539,"Yes"
1847,"No"
2382,"Yes"
2227,"Yes"
1282,"Yes"
2896,"No"
1755,"Yes"
2420,"Yes"
742,"No"
999,"Yes"
2905,"Yes"
2222,"No"
2314,"Yes"
537,"Yes"
1429,"No"
53,"Yes"
666,"Yes"
1550,"Yes"
1311,"Yes"
2522,"Yes"
420,"No"
110,"Yes"
2351,"No"
1181,"No"
770,"Yes"
2191,"No"
2029,"No"
1218,"No"
2248,"No"
2801,"Yes"
81,"Yes"
2336,"Yes"
1575,"Yes"
2995,"Yes"
2107,"Yes"
2311,"Yes"
2714,"No"
20,"No"
656,"Yes"
2070,"Yes"
2150,"Yes"
963,"Yes"
1558,"Yes"
550,"Yes"
1061,"No"
348,"Yes"
768,"No"
1878,"Yes"
1138,"Yes"
2041,"No"
1895,"Yes"
2212,"No"
700,"Yes"
2437,"No"
1245,"Yes"
255,"No"
171,"Yes"
23,"No"
365,"No"
1462,"Yes"
610,"Yes"
2289,"Yes"
1890,"Yes"
1735,"Yes"
2576,"No"
2203,"Yes"
310,"No"
1509,"Yes"
168,"Yes"
1612,"No"
329,"No"
1137,"Yes"
1768,"Yes"
1113,"No"
2527,"Yes"
1091,"No"
2131,"Yes"
1128,"Yes"
1078,"Yes"
2021,"Yes"
2991,"No"
1010,"Yes"
2215,"Yes"
288,"Yes"
1886,"Yes"
1618,"Yes"
2909,"No"
567,"Yes"
336,"No"
2344,"Yes"
299,"Yes"
197,"No"
472,"Yes"
1307,"No"
2414,"Yes"
2535,"Yes"
45,"No"
1294,"No"
1650,"Yes"
2740,"No"
1019,"No"
687,"Yes"
1486,"Yes"
1000,"Yes"
2828,"Yes"
2053,"Yes"
1926,"Yes"
1395,"Yes"
284,"Yes"
1454,"Yes"
193,"No"
1965,"Yes"
1030,"No"
833,"Yes"
155,"Yes"
2358,"Yes"
1482,"Yes"
433,"No"
1012,"No"
1198,"No"
415,"Yes"
1386,"Yes"
2300,"Yes"
114,"Yes"
2269,"Yes"
2011,"No"
777,"Yes"
1197,"Yes"
1313,"No"
1697,"Yes"
1635,"Yes"
14,"Yes"
2741,"Yes"
247,"Yes"
828,"Yes"
1671,"Yes"
1706,"Yes"
2438,"No"
303,"No"
2821,"Yes"
2809,"Yes"
2845,"Yes"
2142,"Yes"
449,"Yes"
2310,"Yes"
1152,"Yes"
1510,"Yes"
1141,"No"
2498,"No"
1183,"Yes"
2772,"Yes"
2759,"No"
735,"Yes"
1764,"Yes"
1339,"Yes"
863,"Yes"
487,"No"
1693,"Yes"
71,"Yes"
1540,"Yes"
2335,"No"
1362,"Yes"
2455,"No"
1822,"Yes"
1738,"Yes"
6,"No"
2287,"No"
2416,"No"
574,"Yes"
1792,"No"
815,"Yes"
1562,"Yes"
1892,"Yes"
2856,"Yes"
2274,"No"
958,"Yes"
1108,"No"
1474,"Yes"
2292,"Yes"
2719,"No"
705,"No"
1411,"Yes"
380,"Yes"
2891,"No"
1357,"No"
270,"Yes"
2054,"Yes"
2120,"No"
2210,"No"
1969,"Yes"
1648,"Yes"
2317,"Yes"
1045,"Yes"
278,"Yes"
866,"Yes"
886,"Yes"
2990,"Yes"
688,"Yes"
254,"Yes"
178,"Yes"
1518,"No"
971,"No"
1431,"No"
2136,"Yes"
749,"Yes"
1625,"No"
2098,"Yes"
793,"Yes"
29,"Yes"
990,"Yes"
1957,"Yes"
874,"Yes"
1309,"Yes"
1275,"Yes"
2224,"No"
1605,"Yes"
2480,"Yes"
1984,"No"
2987,"Yes"
507,"No"
1888,"Yes"
1966,"Yes"
745,"No"
955,"Yes"
1948,"No"
677,"Yes"
2243,"No"
819,"Yes"
1070,"No"
2193,"Yes"
104,"Yes"
1314,"Yes"
2686,"Yes"
1863,"Yes"
2456,"No"
149,"Yes"
124,"Yes"
2491,"No"
1597,"No"
932,"Yes"
2806,"Yes"
991,"No"
35,"No"
844,"No"
2156,"No"
560,"Yes"
2836,"Yes"
2048,"No"
2595,"Yes"
1590,"Yes"
2708,"Yes"
31,"Yes"
2592,"Yes"
1295,"Yes"
609,"Yes"
309,"Yes"
1230,"Yes"
2257,"Yes"
2687,"Yes"
744,"Yes"
2829,"Yes"
2920,"Yes"
1710,"No"
2276,"Yes"
445,"Yes"
257,"Yes"
2364,"Yes"
858,"Yes"
1261,"Yes"
1227,"Yes"
2139,"Yes"
140,"Yes"
847,"Yes"
1297,"Yes"
2101,"Yes"
1397,"Yes"
2738,"No"
2712,"Yes"
2114,"Yes"
1770,"Yes"
2984,"No"
84,"Yes"
492,"No"
2871,"Yes"
1750,"Yes"
1083,"Yes"
2025,"No"
811,"Yes"
533,"Yes"
2887,"Yes"
1620,"No"
830,"No"
2495,"No"
2718,"Yes"
748,"No"
1744,"No"
39,"Yes"
2650,"Yes"
1501,"Yes"
683,"Yes"
1436,"Yes"
2771,"No"
1569,"Yes"
2963,"Yes"
1743,"Yes"
1616,"Yes"
1623,"Yes"
2023,"Yes"
318,"No"
1661,"Yes"
1639,"No"
2435,"No"
1996,"Yes"
506,"Yes"
2725,"Yes"
796,"Yes"
2439,"No"
2926,"Yes"
2975,"Yes"
2262,"Yes"
2767,"Yes"
2122,"Yes"
2561,"No"
1444,"Yes"
1931,"Yes"
635,"Yes"
1469,"Yes"
1232,"No"
825,"No"
1301,"Yes"
1696,"Yes"
2962,"Yes"
2057,"No"
236,"Yes"
1795,"Yes"
987,"Yes"
1776,"Yes"
1998,"Yes"
479,"Yes"
577,"Yes"
759,"Yes"
398,"No"
2216,"No"
235,"No"
1082,"Yes"
1031,"Yes"
1129,"Yes"
2662,"No"
579,"Yes"
2970,"Yes"
2969,"Yes"
522,"No"
2807,"Yes"
58,"Yes"
2889,"Yes"
399,"No"
1976,"Yes"
220,"Yes"
2599,"Yes"
187,"No"
1042,"Yes"
1239,"No"
801,"Yes"
2077,"Yes"
1266,"Yes"
1244,"Yes"
540,"No"
1581,"Yes"
2017,"Yes"
1187,"Yes"
1526,"Yes"
184,"Yes"
2758,"Yes"
600,"Yes"
668,"Yes"
1337,"Yes"
2260,"Yes"
1986,"Yes"
2785,"Yes"
412,"Yes"
2235,"No"
1134,"No"
1192,"No"
805,"Yes"
1646,"No"
1653,"Yes"
2846,"Yes"
1356,"Yes"
423,"Yes"
1636,"No"
1835,"Yes"
2813,"Yes"
2698,"Yes"
50,"Yes"
1390,"No"
1751,"Yes"
2573,"Yes"
3000,"Yes"
754,"No"
345,"Yes"
1544,"No"
429,"Yes"
2652,"Yes"
1631,"Yes"
330,"Yes"
1724,"Yes"
2707,"Yes"
2805,"Yes"
2841,"Yes"
296,"Yes"
617,"Yes"
1455,"Yes"
1327,"Yes"
2914,"No"
1272,"No"
1188,"No"
367,"No"
1912,"Yes"
281,"Yes"
265,"Yes"
1169,"Yes"
960,"No"
196,"Yes"
979,"Yes"
2323,"No"
1672,"Yes"
2239,"Yes"
2873,"Yes"
2858,"No"
1127,"No"
1148,"Yes"
1334,"Yes"
1845,"No"
450,"Yes"
2562,"Yes"
1862,"Yes"
176,"Yes"
1515,"Yes"
1689,"Yes"
417,"Yes"
436,"Yes"
1995,"Yes"
781,"Yes"
1388,"No"
2817,"No"
266,"Yes"
1484,"No"
1713,"No"
1185,"Yes"
2094,"Yes"
1143,"Yes"
2254,"Yes"
320,"No"
43,"No"
2798,"Yes"
1106,"No"
1732,"No"
1859,"No"
1126,"Yes"
2915,"No"
1120,"Yes"
2693,"Yes"
223,"Yes"
880,"Yes"
2328,"Yes"
332,"Yes"
1920,"Yes"
2591,"Yes"
2105,"Yes"
1591,"No"
2100,"Yes"
1844,"Yes"
2179,"Yes"
709,"No"
1677,"Yes"
2616,"No"
1017,"Yes"
1899,"Yes"
891,"Yes"
2538,"Yes"
2013,"No"
246,"No"
1748,"Yes"
2475,"Yes"
251,"Yes"
2180,"No"
767,"No"
1596,"Yes"
595,"Yes"
1463,"Yes"
144,"No"
244,"No"
1968,"Yes"
174,"Yes"
607,"Yes"
2449,"Yes"
481,"Yes"
1790,"Yes"
334,"Yes"
2208,"Yes"
1098,"Yes"
1485,"Yes"
2012,"No"
526,"Yes"
1302,"Yes"
1840,"Yes"
589,"Yes"
2619,"No"
1206,"No"
1797,"No"
1565,"Yes"
1450,"Yes"
475,"Yes"
468,"Yes"
1884,"No"
240,"No"
933,"Yes"
98,"No"
2334,"No"
807,"Yes"
219,"Yes"
2695,"Yes"
2153,"Yes"
2468,"No"
1546,"No"
434,"Yes"
795,"Yes"
1943,"Yes"
2998,"No"
2620,"Yes"
2166,"No"
1154,"Yes"
1003,"Yes"
1756,"No"
1423,"No"
1219,"Yes"
2186,"No"
1096,"Yes"
2277,"Yes"
2046,"Yes"
2949,"Yes"
729,"Yes"
172,"Yes"
812,"Yes"
1608,"Yes"
2706,"No"
1910,"Yes"
996,"Yes"
52,"Yes"
1594,"No"
1956,"Yes"
1489,"Yes"
1794,"No"
2039,"Yes"
297,"Yes"
112,"Yes"
2908,"Yes"
2663,"Yes"
513,"Yes"
2229,"Yes"
1503,"No"
2864,"Yes"
1731,"Yes"
1077,"Yes"
686,"No"
703,"No"
1904,"Yes"
2128,"Yes"
1021,"Yes"
2318,"Yes"
411,"No"
621,"No"
1324,"No"
222,"Yes"
947,"Yes"
2978,"Yes"
2024,"Yes"
1877,"Yes"
2278,"Yes"
710,"Yes"
446,"Yes"
2445,"Yes"
72,"Yes"
96,"Yes"
868,"Yes"
1982,"Yes"
1629,"Yes"
803,"No"
837,"Yes"
1009,"Yes"
836,"Yes"
2162,"Yes"
108,"Yes"
226,"Yes"
2390,"Yes"
455,"No"
663,"Yes"
1505,"Yes"
2877,"No"
2177,"Yes"
1371,"Yes"
2346,"Yes"
2473,"No"
2369,"Yes"
1446,"Yes"
1524,"No"
741,"No"
1180,"No"
2050,"No"
2378,"Yes"
117,"Yes"
1902,"Yes"
1923,"Yes"
311,"No"
2297,"Yes"
736,"Yes"
418,"Yes"
143,"Yes"
1615,"No"
1173,"No"
1438,"Yes"
2519,"No"
1714,"Yes"
1657,"No"
1439,"Yes"
2684,"No"
295,"Yes"
1203,"Yes"
374,"Yes"
1247,"Yes"
133,"Yes"
2200,"Yes"
1728,"Yes"
1749,"Yes"
581,"Yes"
2496,"Yes"
848,"No"
572,"Yes"
1694,"No"
2231,"Yes"
1573,"No"
816,"Yes"
2797,"Yes"
2556,"No"
153,"No"
1074,"No"
2505,"Yes"
1370,"Yes"
1944,"No"
1536,"Yes"
878,"No"
2756,"No"
918,"Yes"
766,"Yes"
875,"Yes"
1364,"Yes"
2363,"Yes"
1076,"Yes"
440,"Yes"
1166,"Yes"
2159,"Yes"
2879,"Yes"
643,"No"
1053,"Yes"
737,"Yes"
586,"No"
1938,"Yes"
54,"Yes"
2280,"Yes"
2218,"Yes"
1189,"Yes"
148,"Yes"
493,"Yes"
2307,"No"
2928,"Yes"
202,"Yes"
2847,"Yes"
375,"Yes"
1523,"Yes"
2582,"Yes"
2075,"Yes"
106,"Yes"
2726,"Yes"
997,"No"
1215,"No"
99,"No"
372,"No"
535,"No"
75,"No"
2985,"Yes"
2532,"Yes"
489,"Yes"
1997,"No"
693,"No"
201,"Yes"
614,"No"
17,"No"
32,"Yes"
1092,"Yes"
2898,"Yes"
1428,"Yes"
1560,"No"
2030,"Yes"
720,"No"
248,"No"
2168,"Yes"
664,"Yes"
2983,"No"
177,"No"
2613,"No"
2780,"No"
2032,"Yes"
2574,"Yes"
840,"Yes"
2808,"Yes"
465,"Yes"
1506,"Yes"
2641,"Yes"
563,"No"
232,"Yes"
175,"Yes"
2431,"No"
1164,"No"
690,"Yes"
755,"Yes"
1213,"Yes"
588,"Yes"
1705,"Yes"
1940,"Yes"
2478,"No"
1059,"Yes"
1358,"No"
2512,"No"
1118,"Yes"
982,"No"
2250,"No"
1704,"Yes"
948,"Yes"
1643,"Yes"
2692,"No"
1543,"No"
1579,"Yes"
2471,"Yes"
2010,"No"
2533,"No"
1611,"No"
1023,"No"
123,"Yes"
2881,"Yes"
2228,"Yes"
2061,"Yes"
1097,"No"
769,"Yes"
1848,"Yes"
2820,"No"
2583,"No"
1867,"Yes"
2884,"No"
2201,"No"
1038,"Yes"
869,"Yes"
2567,"No"
2979,"Yes"
2717,"Yes"
238,"No"
606,"Yes"
2802,"No"
503,"No"
2022,"Yes"
1100,"No"
2073,"Yes"
2251,"No"
1140,"Yes"
1530,"Yes"
198,"No"
141,"No"
355,"Yes"
139,"No"
1903,"Yes"
359,"Yes"
2074,"Yes"
1763,"No"
538,"No"
689,"No"
905,"Yes"
1222,"No"
2279,"No"
1832,"Yes"
2656,"No"
1322,"No"
1533,"Yes"
1130,"Yes"
405,"Yes"
1435,"Yes"
2699,"No"
2685,"Yes"
2192,"Yes"
553,"No"
119,"Yes"
1340,"Yes"
929,"Yes"
2971,"No"
779,"Yes"
2410,"Yes"
2469,"Yes"
976,"Yes"
2033,"Yes"
2945,"No"
289,"Yes"
2610,"Yes"
1801,"Yes"
165,"Yes"
2935,"Yes"
650,"Yes"
695,"Yes"
1487,"No"
2736,"No"
63,"No"
2763,"Yes"
2951,"Yes"
1869,"Yes"
2451,"No"
1412,"Yes"
2174,"Yes"
1449,"Yes"
860,"Yes"
1821,"No"
939,"Yes"
131,"No"
256,"Yes"
2542,"Yes"
2853,"Yes"
1312,"Yes"
73,"No"
1652,"Yes"
1393,"No"
1552,"No"
1410,"Yes"
514,"Yes"
65,"No"
301,"Yes"
2001,"Yes"
2312,"Yes"
396,"Yes"
1520,"No"
2190,"Yes"
1586,"No"
2360,"No"
2906,"Yes"
1915,"Yes"
93,"Yes"
1258,"Yes"
167,"No"
2051,"No"
2988,"Yes"
1133,"Yes"
1281,"Yes"
19,"No"
33,"Yes"
1483,"Yes"
2111,"Yes"
802,"No"
1383,"No"
864,"Yes"
1843,"No"
181,"Yes"
2069,"No"
1054,"No"
496,"Yes"
2395,"Yes"
103,"No"
291,"No"
1606,"No"
1248,"Yes"
486,"Yes"
639,"Yes"
1172,"No"
347,"Yes"
1493,"Yes"
1430,"Yes"
1440,"Yes"
485,"No"
1939,"No"
300,"Yes"
2814,"No"
2283,"Yes"
1977,"Yes"
2834,"Yes"
2804,"No"
2913,"No"
1085,"Yes"
2982,"No"
1654,"No"
1124,"Yes"
2844,"Yes"
580,"Yes"
2220,"Yes"
1040,"Yes"
64,"No"
2885,"Yes"
968,"No"
2944,"Yes"
327,"No"
319,"Yes"
1033,"Yes"
2572,"No"
460,"Yes"
2143,"No"
1277,"No"
454,"Yes"
85,"Yes"
562,"No"
817,"Yes"
1917,"No"
2942,"Yes"
1512,"No"
2125,"Yes"
2273,"Yes"
1971,"Yes"
2749,"Yes"
2089,"Yes"
1973,"No"
2405,"Yes"
2941,"Yes"
2810,"Yes"
2674,"Yes"
642,"Yes"
1789,"Yes"
559,"No"
532,"Yes"
302,"Yes"
1778,"Yes"
1264,"Yes"
13,"Yes"
1492,"Yes"
583,"Yes"
1342,"Yes"
674,"Yes"
1818,"No"
60,"Yes"
346,"No"
1457,"No"
2488,"Yes"
691,"Yes"
564,"Yes"
1592,"No"
1882,"Yes"
623,"No"
2132,"Yes"
1733,"Yes"
1720,"Yes"
2247,"Yes"
1055,"Yes"
871,"Yes"
1025,"Yes"
1786,"No"
344,"Yes"
1729,"No"
984,"Yes"
787,"No"
1717,"No"
1041,"Yes"
2007,"No"
2668,"No"
2819,"Yes"
477,"Yes"
1001,"Yes"
317,"Yes"
2064,"Yes"
644,"Yes"
402,"Yes"
1360,"No"
818,"Yes"
1207,"No"
2762,"Yes"
1711,"No"
2165,"Yes"
1919,"No"
1578,"Yes"
545,"Yes"
822,"Yes"
111,"No"
76,"No"
1246,"Yes"
47,"Yes"
2117,"Yes"
594,"Yes"
2774,"Yes"
1547,"Yes"
789,"Yes"
1762,"Yes"
2079,"Yes"
587,"No"
370,"Yes"
2921,"No"
2760,"No"
2882,"No"
2657,"Yes"
2510,"No"
36,"Yes"
2781,"Yes"
381,"No"
323,"Yes"
834,"No"
2320,"Yes"
480,"Yes"
2671,"Yes"
1381,"No"
981,"Yes"
2306,"Yes"
2932,"No"
1190,"No"
544,"No"
2324,"Yes"
536,"Yes"
1981,"Yes"
2761,"Yes"
1225,"Yes"
1280,"No"
838,"Yes"
1299,"Yes"
2440,"Yes"
881,"Yes"
1873,"No"
682,"No"
625,"Yes"
2189,"Yes"
1369,"Yes"
2088,"No"
747,"Yes"
2633,"Yes"
2127,"Yes"
21,"No"
2934,"Yes"
478,"No"
12,"Yes"
2943,"Yes"
189,"Yes"
1400,"Yes"
2919,"No"
2901,"Yes"
1162,"Yes"
2745,"Yes"
2272,"Yes"
2835,"Yes"
669,"No"
2397,"Yes"
2171,"Yes"
1226,"No"
2601,"Yes"
2302,"Yes"
1572,"Yes"
1936,"Yes"
1110,"Yes"
1018,"Yes"
1387,"Yes"
1504,"Yes"
2594,"Yes"
1857,"Yes"
363,"No"
387,"Yes"
862,"No"
1488,"No"
2020,"Yes"
2184,"Yes"
843,"Yes"
1601,"No"
146,"Yes"
2424,"Yes"
1991,"Yes"
2367,"No"
1448,"Yes"
1673,"No"
2149,"Yes"
1897,"Yes"
1730,"Yes"
1384,"Yes"
2799,"No"
218,"Yes"
906,"No"
849,"Yes"
2857,"No"
919,"Yes"
1666,"No"
279,"Yes"
2377,"Yes"
2974,"No"
1224,"Yes"
2790,"No"
192,"Yes"
461,"Yes"
2690,"Yes"
2104,"Yes"
867,"Yes"
2221,"Yes"
2444,"Yes"
28,"Yes"
2185,"Yes"
1142,"Yes"
